ride_id,driver_id,rider_id,city_id,product,vehicle_type,is_ev,start_time,end_time,pickup_lat,pickup_lon,pickup_hex_id9,drop_lat,drop_lon,drop_hex_id9,distance_km,duration_mins,surge_multiplier,fare_amount,uber_fee,net_earnings,tips,payment_type,date
58e20c15-9b2e-4458-ac00-107bcf9564cd,E10111,R2231,3,UberX,car,FALSE,2023-01-13 23:50:00,2023-01-14 00:10:00,52.09319,5.17695,89b5443252677be,52.08017,5.16125,896326c3e14b5c2,9,20,1.22,17.54,4.38,13.16,0,cash,2023-01-13
e02cff2b-bb4f-4b76-a97a-a2cca9477275,E10152,R2133,4,UberX,car,FALSE,2023-02-10 05:13:00,2023-02-10 05:25:00,51.41972,5.50334,89fa132b2821409,51.46578,5.5221,898e2394712bd2c,4.79,12,1.01,8.48,2.12,6.36,1.8,card,2023-02-10
779d0691-f33d-4d00-991b-983d3171e420,E10157,R2534,3,UberPool,car,TRUE,2023-02-25 18:27:00,2023-02-25 18:53:00,52.05469,5.119,89df88c01c5d375,52.10705,5.13061,8947d4823562561,6.59,26,1.36,12.87,3.22,9.65,0,card,2023-02-25
b08070cf-4a5f-432f-a04d-4fa35382aa87,E10024,R2265,2,UberGreen,car,TRUE,2023-02-20 23:58:00,2023-02-21 00:24:00,51.94535,4.51494,8923a24a0c47657,51.90919,4.45792,89cf8728790df33,8.24,26,1.22,17.96,4.49,13.47,0.51,wallet,2023-02-20
c5479c2b-d878-4986-bc0c-112284e8c495,E10146,R2126,3,UberX,car,TRUE,2023-01-16 18:42:00,2023-01-16 19:13:00,52.1056,5.13254,897df7e0ca6a6f7,52.05785,5.06818,8900b3581cd6ec3,7.5,31,1.36,17.15,4.29,12.86,0,wallet,2023-01-16
4ed97ae5-57ed-4a25-aa6e-bc61d8acc5a0,E10131,R2351,1,UberX,car,FALSE,2023-04-08 07:54:00,2023-04-08 08:06:00,52.36298,4.90663,8919eb8c2a35840,52.33967,4.84363,8917722e7a09e1d,5.22,12,1.36,11.55,2.89,8.66,0,card,2023-04-08
484d0dfe-8c37-4bfd-bd43-ab7a261fcde8,E10037,R2152,4,UberPool,car,FALSE,2023-04-03 10:01:00,2023-04-03 10:13:00,51.40426,5.44594,89f51aaedc99a91,51.47999,5.45092,891471d28d62842,5,12,1.13,8.37,2.09,6.28,0,wallet,2023-04-03
4facbc2f-5a3b-438d-aaa1-cf3cc078c18e,E10139,R2204,2,UberX,car,FALSE,2023-04-13 15:44:00,2023-04-13 16:09:00,51.95784,4.51581,89789fcc7e414bb,51.90016,4.49205,89bcf96a911d280,7.73,25,1.04,12.99,3.25,9.74,0,cash,2023-04-13
f83dc1c2-8235-4a8b-abf7-36c95a65c1bc,E10020,R2341,1,UberGreen,car,TRUE,2023-01-17 11:54:00,2023-01-17 12:04:00,52.38348,4.8606,890f5c9b5567ac0,52.33935,4.84197,899f0d0666540d6,2.81,10,1.12,6.03,1.51,4.52,0,cash,2023-01-17
bde0433b-d549-4519-a9df-8d7cb87c2d48,E10147,R2192,2,UberX,car,TRUE,2023-01-13 06:37:00,2023-01-13 06:52:00,51.95763,4.51981,89320e6ff14c88f,51.91335,4.45377,89115866d9b5d07,7.27,15,0.97,11.56,2.89,8.67,0,cash,2023-01-13
b78e60c3-9ff8-4fe1-8eb2-730f3fcfe08d,E10153,R2573,5,UberX,car,FALSE,2023-01-25 23:44:00,2023-01-26 00:05:00,52.07719,4.28746,89b90693526bd48,52.05223,4.32063,89cada6507dfd33,6.19,21,1.19,12.61,3.15,9.46,0.15,wallet,2023-01-25
2e60b19f-a4d4-49b2-a756-270edffde43d,E10057,R2274,5,UberPool,car,FALSE,2023-01-02 09:53:00,2023-01-02 10:26:00,52.04473,4.29302,89f496ab23d0ee3,52.05596,4.32588,8979e2c729257d8,2.94,33,1.39,6.19,1.55,4.64,0,card,2023-01-02
c6d1c9bb-81a9-48ef-b230-81085d90deb1,E10058,R2095,1,UberX,car,FALSE,2023-01-22 08:59:00,2023-01-22 09:31:00,52.34498,4.84592,8944f1370adc963,52.38706,4.85387,893892c864e6d46,8.98,32,1.25,18.06,4.51,13.55,0,cash,2023-01-22
2c7fbec6-2f6f-4e99-89dc-c21d795fdb52,E10014,R2214,3,UberGreen,car,TRUE,2023-03-23 08:48:00,2023-03-23 09:20:00,52.11078,5.13259,896000d1a335ea2,52.1072,5.13543,89daaf41b19fbca,8.65,32,1.28,19.69,4.92,14.77,0,card,2023-03-23
85c4103b-8f34-426f-a222-dc6f3a445318,E10061,R2226,4,UberX,car,TRUE,2023-03-05 14:05:00,2023-03-05 14:38:00,51.48256,5.45089,89838ee868889eb,51.41812,5.50513,890c622fa58b9a6,8.72,33,0.99,14.08,3.52,10.56,0,wallet,2023-03-05
b4e1358c-5c0c-4619-8d81-2b42072788fa,E10120,R2258,4,UberGreen,car,TRUE,2023-03-23 08:21:00,2023-03-23 08:44:00,51.40649,5.45487,8913be4059be3a7,51.40833,5.44349,8982f651f8c8717,6.98,23,1.4,17.5,4.38,13.12,0,wallet,2023-03-23
462d2b67-1231-4f43-ae3b-521a0965ccc4,E10027,R2269,1,UberX,car,FALSE,2023-03-04 14:32:00,2023-03-04 15:03:00,52.3397,4.84998,89ee7f3a87a47b9,52.36684,4.93222,898d3b4aaa5704d,1.2,31,1.04,2.82,0.7,2.12,2.76,card,2023-03-04
b7c85e4b-bc61-447a-a1ba-65a0fdd5bc6f,E10046,R2388,3,UberGreen,car,TRUE,2023-01-07 11:37:00,2023-01-07 11:56:00,52.06058,5.07112,89bc6045272ac13,52.10687,5.1383,89a60d07800fb0a,7.42,19,1.05,14.29,3.57,10.72,0,cash,2023-01-07
a3046aea-bb9a-493f-b5a4-57d62d40b4e9,E10045,R2130,2,UberGreen,car,TRUE,2023-02-03 08:51:00,2023-02-03 09:25:00,51.95846,4.52482,89b111c44ebdfc9,51.88518,4.43505,89382a76cc55653,7.42,34,1.29,17.03,4.26,12.77,0,cash,2023-02-03
ccfc2b44-7dd1-4b53-b9fa-f8f6d7b8168b,E10003,R2225,3,UberX,car,FALSE,2023-02-01 20:05:00,2023-02-01 20:33:00,52.05715,5.12198,89838191748d8d1,52.0601,5.07344,89a60a4045e5ee4,6.65,28,1.05,11.4,2.85,8.55,0,wallet,2023-02-01
267dd9c7-9d56-4d5b-9b44-991c3ccc123f,E10063,R2232,1,UberBlack,car,FALSE,2023-03-06 15:42:00,2023-03-06 15:53:00,52.3853,4.8602,890d90e02fce5eb,52.35877,4.90065,8967f7f32cd31f3,3.9,11,1.05,10.81,2.7,8.11,0,cash,2023-03-06
e85ec763-8509-4c90-a1b6-94af2c658ae9,E10135,R2247,5,UberBlack,car,FALSE,2023-02-20 16:13:00,2023-02-20 16:31:00,52.09194,4.30978,896e81efdf369a4,52.08941,4.24913,892d5f7e506a78a,11.31,18,1.45,42.41,10.6,31.81,0,cash,2023-02-20
be729937-5206-449e-9908-a81f48d898f6,E10010,R2305,1,UberX,car,FALSE,2023-04-30 16:54:00,2023-04-30 17:20:00,52.34462,4.84438,89365f1e5a29395,52.36697,4.93133,89150bc669fcb1f,4.09,26,1.34,9.4,2.35,7.05,3.36,wallet,2023-04-30
f861bfcb-4698-4e28-b436-cdfd96720ece,E10080,R2357,2,UberX,car,TRUE,2023-01-01 09:00:00,2023-01-01 09:32:00,51.95855,4.51971,894685a251d6e1e,51.9436,4.52049,8956d0345a5cc86,6.69,32,1.27,14.17,3.54,10.63,3.33,cash,2023-01-01
2a347932-33fe-4cde-9669-9f26308b8113,E10082,R2300,1,UberGreen,car,TRUE,2023-03-19 21:21:00,2023-03-19 21:58:00,52.38321,4.85809,8977f4fc6f38947,52.34071,4.84148,89962af1d6ef470,7.65,37,1.27,16.99,4.25,12.74,0,wallet,2023-03-19
a6333231-295e-4e56-9bbe-fde75e66878c,E10024,R2416,2,UberGreen,car,TRUE,2023-01-24 00:26:00,2023-01-24 01:05:00,51.9434,4.51788,897554287049984,51.94737,4.51849,89f2594df1e345f,5.96,39,1.08,11.37,2.84,8.53,0,cash,2023-01-24
81720f85-7661-48d9-9619-cc8b42c241d2,E10112,R2200,5,UberBlack,car,TRUE,2023-02-17 17:02:00,2023-02-17 17:43:00,52.03383,4.33594,89938574e3c16aa,52.09367,4.31067,8977919494178fa,7.7,41,1.41,28.34,7.08,21.26,0,wallet,2023-02-17
934f52c6-a5d4-4534-88ec-a5940cc82524,E10033,R2375,4,UberX,car,TRUE,2023-03-23 02:23:00,2023-03-23 02:54:00,51.40771,5.45669,89920166e28e6ec,51.40854,5.44365,89c79a8d455921b,5.55,31,1.13,11.11,2.78,8.33,0,card,2023-03-23
cfa309fe-37e9-4bca-b5bb-6280bb535088,E10057,R2305,1,UberX,car,FALSE,2023-02-26 17:00:00,2023-02-26 17:20:00,52.36623,4.92825,8966321cc5cda01,52.38657,4.85667,898c4e149edef63,9.02,20,1.41,21.03,5.26,15.77,2.94,wallet,2023-02-26
980bbb6b-a9a6-47d0-95ae-3536f215e77a,E10067,R2094,5,UberX,car,TRUE,2023-03-21 10:43:00,2023-03-21 11:14:00,52.09407,4.3076,89842c7c325a32c,52.09097,4.30425,899a0c1179afc2c,2.31,31,0.97,4.7,1.18,3.52,0,cash,2023-03-21
4636b161-c9a9-4367-8e11-e54c442d5068,E10127,R2587,3,UberX,car,FALSE,2023-04-28 02:46:00,2023-04-28 03:24:00,52.05773,5.07175,89c6395c5110510,52.05315,5.12191,89d9ccc1027c512,7.64,38,0.96,12.31,3.08,9.23,0,card,2023-04-28
cb8f5f87-e3b4-456b-a40b-2a5686095117,E10054,R2146,2,UberX,car,TRUE,2023-03-16 04:27:00,2023-03-16 04:37:00,51.91347,4.45455,8946cdd3853d9f6,51.9587,4.52059,89b231bffca3d12,4.24,10,1.08,8,2,6,0,card,2023-03-16
c8c6ed03-6956-44ae-86df-6405a91d87b7,E10095,R2130,1,UberX,car,FALSE,2023-04-08 17:58:00,2023-04-08 18:18:00,52.34085,4.84816,8960a1661c5e638,52.34006,4.84298,89b8ece9e789d3f,3.78,20,1.41,9.12,2.28,6.84,0,cash,2023-04-08
f38c5cb8-1f90-4d0b-87d8-b14ea1f3f868,E10110,R2268,4,UberGreen,car,TRUE,2023-03-03 03:40:00,2023-03-03 04:18:00,51.47954,5.4514,8939f4dc1894bd7,51.46183,5.51612,89d50af1fc22e36,6.53,38,1.1,13.11,3.28,9.83,1.19,cash,2023-03-03
bbaac112-b49e-4d3c-afc5-79e979d066df,E10148,R2098,1,UberGreen,car,TRUE,2023-03-02 09:34:00,2023-03-02 09:46:00,52.33036,4.90335,89c580e46fe2dd8,52.36274,4.9017,89724eefd58e9fd,8.44,12,1.25,18.3,4.58,13.72,0,wallet,2023-03-02
935d9ce7-d4b5-4d0e-b1fb-ef0885fc6326,E10071,R2236,4,UberPool,car,FALSE,2023-02-14 17:49:00,2023-02-14 18:18:00,51.40943,5.44974,89241e36166a15f,51.46641,5.51544,895978a99929089,4.55,29,1.33,9.53,2.38,7.15,0,card,2023-02-14
f2b1bbbc-b608-4089-af97-85a0f35768f5,E10081,R2278,3,UberGreen,car,TRUE,2023-03-26 10:25:00,2023-03-26 10:34:00,52.10887,5.13809,896054d79a4a015,52.09551,5.17871,895bc6ec2dde47f,8.49,9,1.15,17.02,4.26,12.76,0,wallet,2023-03-26
0bfabf6f-e29b-48a2-baaf-d3d49b26068c,E10053,R2479,5,UberPool,car,FALSE,2023-01-19 07:42:00,2023-01-19 07:53:00,52.08235,4.28554,8904b7192478664,52.09643,4.30355,8927da31fc542ad,5.97,11,1.31,11.42,2.86,8.56,0,wallet,2023-01-19
daf369f1-d764-44e5-b804-3d6c77699af0,E10075,R2355,4,UberX,car,FALSE,2023-02-18 21:05:00,2023-02-18 21:36:00,51.46722,5.51603,89658759f2ff801,51.46507,5.51754,89eeb509422d7ef,1.2,31,1.14,3.51,0.88,2.63,0,wallet,2023-02-18
9c5f9047-8e29-489d-acee-d8224dff15c5,E10087,R2000,1,UberX,car,FALSE,2023-04-20 04:57:00,2023-04-20 05:27:00,52.34098,4.84301,8914baf8aa08245,52.36238,4.9302,89bee7f3adb6ca3,5.53,30,0.96,9.71,2.43,7.28,0,wallet,2023-04-20
f8cc932e-bc28-4759-8db6-3b171d1d8262,E10020,R2362,1,UberX,car,TRUE,2023-01-29 19:00:00,2023-01-29 19:36:00,52.36704,4.93144,891d56f64559171,52.36133,4.90356,891ee9f14b0f98e,1.2,36,1.35,3.54,0.88,2.66,0,cash,2023-01-29
023b1e6d-52ca-43be-88cd-5b5fe20fe2b2,E10037,R2534,5,UberX,car,FALSE,2023-04-30 08:04:00,2023-04-30 08:12:00,52.04403,4.29123,89185e9447fdfa4,52.02991,4.33542,89af86656bcf7dc,4.95,8,1.38,11.98,3,8.98,0,card,2023-04-30
d9056f3d-78cf-4f5a-a8e1-0f44de4b9ae9,E10096,R2258,4,UberX,car,TRUE,2023-01-23 16:49:00,2023-01-23 17:26:00,51.46571,5.51625,8907de3bee545f1,51.40685,5.44141,89ea502962728c7,9.31,37,1.39,21.3,5.32,15.98,0,wallet,2023-01-23
f51efbb1-dba0-4429-9e0e-824b837b7638,E10070,R2200,3,UberX,car,FALSE,2023-01-16 23:14:00,2023-01-16 23:52:00,52.0946,5.17167,89e7a58795eb031,52.05461,5.12214,89e4c3108b9bacc,2.7,38,1.22,5.89,1.47,4.42,0,wallet,2023-01-16
37fcd05f-562d-464a-b917-affd9a794762,E10103,R2043,5,UberPool,car,FALSE,2023-04-05 16:17:00,2023-04-05 16:26:00,52.09336,4.30585,8958a470846f112,52.09313,4.30647,890d5e8072d305d,9.22,9,1.45,19.36,4.84,14.52,0,cash,2023-04-05
43d46fac-42cb-4743-b969-f91d5c034dc6,E10088,R2139,2,UberX,car,FALSE,2023-01-06 13:43:00,2023-01-06 13:57:00,51.94315,4.51326,899a1295cfc59f7,51.95498,4.52236,899ac08e2e74d08,5.79,14,1.15,11.56,2.89,8.67,1.06,card,2023-01-06
edfc346d-dfce-4bd9-8a64-9727d95c3637,E10141,R2532,1,UberX,car,FALSE,2023-01-28 01:59:00,2023-01-28 02:34:00,52.36295,4.92832,894153b5560af92,52.34495,4.84732,89390741daa1e72,4.18,35,0.98,7.47,1.87,5.6,0,wallet,2023-01-28
b81ef7e4-b0d5-4e2b-b708-9761ff7a225a,E10081,R2451,3,UberGreen,car,TRUE,2023-04-19 12:28:00,2023-04-19 12:37:00,52.05392,5.11883,89257b92f8045d3,52.0593,5.07507,89c44335c7f953f,7.61,9,1.13,15.05,3.76,11.29,0,wallet,2023-04-19
d1555209-5786-4f28-82c3-cf702924edc1,E10146,R2229,3,UberX,car,TRUE,2023-02-23 13:25:00,2023-02-23 14:02:00,52.08427,5.16124,8948595696f92ec,52.09552,5.17885,89ea6c344a32676,4.88,37,1.05,9.42,2.36,7.06,0,card,2023-02-23
185e4a9b-71d5-431b-a71c-cb91d1cd2e65,E10001,R2211,4,UberX,car,FALSE,2023-01-19 08:32:00,2023-01-19 08:39:00,51.40916,5.45186,894751b32269f95,51.48114,5.449,89ca9fccdc29b66,2.35,7,1.4,5.74,1.44,4.3,0,wallet,2023-01-19
ebfd951c-e5d5-45d7-905b-8bc7d93a105c,E10055,R2430,1,UberPool,car,FALSE,2023-01-21 17:37:00,2023-01-21 18:02:00,52.38819,4.8533,8986196f7793951,52.34462,4.85073,898e35187a8a155,3.26,25,1.41,7.54,1.88,5.66,0,card,2023-01-21
f5e776f2-bf55-44a7-9ed3-802905250eb4,E10019,R2251,3,UberX,car,FALSE,2023-01-13 09:07:00,2023-01-13 09:35:00,52.09538,5.17541,895dc22cfe3d409,52.10594,5.12984,894bf33b09fc68b,9.98,28,1.36,22.21,5.55,16.66,0,cash,2023-01-13
5e59b8ae-1239-43f7-b29d-68f76ff69748,E10048,R2220,2,UberX,car,TRUE,2023-01-29 05:00:00,2023-01-29 05:30:00,51.88725,4.43106,892d183c6391521,51.89538,4.49419,89fffad9b43cf5d,4.47,30,1.1,8.61,2.15,6.46,0.13,cash,2023-01-29
758072bd-acf8-4844-9cef-c3f1c7c05d41,E10126,R2421,5,UberPool,car,FALSE,2023-04-11 01:44:00,2023-04-11 02:18:00,52.05291,4.32314,89426425a384168,52.02969,4.33389,89f8a17f8598bb5,2.44,34,1.11,5.15,1.29,3.86,0,cash,2023-04-11
03a58749-63c4-4dff-b03b-13e4629669dd,E10059,R2063,1,UberX,car,FALSE,2023-01-11 14:02:00,2023-01-11 14:10:00,52.40069,4.9484,89bc2e95eb9495e,52.34219,4.84472,898a48bc36f85e9,6.52,8,1.04,11.55,2.89,8.66,0,cash,2023-01-11
a25fd4c9-5756-4c36-bf14-65d843b535e8,E10082,R2036,1,UberX,car,TRUE,2023-04-12 10:22:00,2023-04-12 10:59:00,52.33128,4.89962,8929a59053a1c2a,52.3392,4.8503,89fc027d4efd049,3.71,37,1.04,6.81,1.7,5.11,0,card,2023-04-12
60244ea1-808b-41aa-8ee1-6ab651e41cca,E10118,R2395,1,UberGreen,car,TRUE,2023-01-05 05:44:00,2023-01-05 06:13:00,52.34148,4.84264,894f2c32ce35ec1,52.36301,4.92835,8924837edefd7d8,3.98,29,0.97,7.06,1.76,5.3,0,cash,2023-01-05
bc948486-031b-438e-ace9-b4d24df74fd1,E10158,R2071,1,UberGreen,car,TRUE,2023-04-15 19:49:00,2023-04-15 20:18:00,52.36407,4.93011,89aad18b6960a8d,52.38329,4.86213,8916e42d648bba7,7,29,1.35,16.93,4.23,12.7,0,cash,2023-04-15
2f948348-c5ae-4a14-9d98-54a7534294d2,E10024,R2532,2,UberX,car,TRUE,2023-02-17 04:59:00,2023-02-17 05:41:00,51.91364,4.45798,8923b978ea3936f,51.90909,4.43833,895b48359416033,7.25,42,1.08,13.52,3.38,10.14,1.31,wallet,2023-02-17
95ccfc86-cd20-4f43-b680-65fb158cee70,E10121,R2396,5,UberX,car,FALSE,2023-01-26 02:31:00,2023-01-26 02:38:00,52.08117,4.28819,891248ba3f25a59,52.09089,4.24657,895759892f5114d,7.94,7,0.98,13.07,3.27,9.8,0,card,2023-01-26
e8344dbf-eb9e-46bd-a144-289f20f3d550,E10154,R2513,4,UberX,car,FALSE,2023-01-30 02:17:00,2023-01-30 02:48:00,51.46237,5.51754,892d18b65eaf4b1,51.40753,5.45062,8938a41a9e0481c,1.45,31,1.13,3.27,0.82,2.45,0,wallet,2023-01-30
b14dfba3-f31b-443c-8aa8-13afd4d6b121,E10045,R2576,2,UberX,car,TRUE,2023-04-17 03:40:00,2023-04-17 04:00:00,51.94428,4.51684,8925eed6bd82ddd,51.91176,4.45541,89512c48912aeee,8.09,20,1.01,13.94,3.48,10.46,0.64,cash,2023-04-17
7d498bf0-902c-4d22-b897-2b869a6b0140,E10125,R2085,2,UberGreen,car,TRUE,2023-04-02 14:10:00,2023-04-02 14:35:00,51.89812,4.48973,89668a27077edd9,51.89473,4.49231,8969a70be432ac0,6.84,25,1.04,13.09,3.27,9.82,0,card,2023-04-02
0f711e0e-dc74-4593-b5f9-37b65b58b7bb,E10125,R2528,2,UberGreen,car,TRUE,2023-03-03 06:19:00,2023-03-03 07:00:00,51.91113,4.43609,898e6c59345768c,51.91173,4.4388,899fe4bcaaf2e93,3.92,41,0.97,7.3,1.82,5.48,0,wallet,2023-03-03
7faf1a1b-ab82-4c6c-ac01-ad1d2464250d,E10104,R2256,4,UberGreen,car,TRUE,2023-02-15 15:35:00,2023-02-15 15:42:00,51.40786,5.44135,89e0a536689c38b,51.46193,5.52254,8915f7d44fb4bff,6.03,7,1.04,11.43,2.86,8.57,0,cash,2023-02-15
4378e677-d650-46bf-8aea-618febc80e5f,E10149,R2468,5,UberX,car,FALSE,2023-04-23 11:07:00,2023-04-23 11:36:00,52.0339,4.32916,89c8b312f3d1a47,52.05582,4.32779,8947c03df157eda,7.31,29,1.01,12.18,3.04,9.14,0.36,wallet,2023-04-23
ac646232-b3b9-4431-94a0-62578246d00a,E10050,R2022,3,UberX,car,FALSE,2023-01-01 01:43:00,2023-01-01 02:24:00,52.06146,5.07595,89b94aa722e31f4,52.05463,5.1155,89bd7eaf1566164,7.84,41,0.99,13.02,3.26,9.76,0,card,2023-01-01
0b5d5990-2b70-4179-aee3-a95508d9824e,E10072,R2379,2,UberPool,car,TRUE,2023-01-24 20:15:00,2023-01-24 20:51:00,51.94447,4.51117,894b845053d2beb,51.94764,4.51471,89570052fae616e,9.67,36,1.13,15.3,3.82,11.48,0,cash,2023-01-24
c3ad6d9f-b683-4935-9757-f50b01a7b56e,E10141,R2026,1,UberX,car,FALSE,2023-03-04 11:46:00,2023-03-04 11:57:00,52.38362,4.85805,89246dcf03f0c88,52.36187,4.93373,89216b98b977695,2.58,11,1.12,5.27,1.32,3.95,0,wallet,2023-03-04
2a1f4bcc-852e-44b3-9c52-96d879b3a0cb,E10156,R2320,5,UberX,car,FALSE,2023-02-22 22:14:00,2023-02-22 22:31:00,52.0343,4.32888,8998ab4c2217655,52.054,4.32939,89552be59ce30e2,8.55,17,1.29,17.68,4.42,13.26,0,card,2023-02-22
53d44c4f-1fc4-4506-880e-679454c3928e,E10141,R2182,2,UberX,car,FALSE,2023-04-18 14:38:00,2023-04-18 15:11:00,51.94576,4.51347,89e1f908a4bafc5,51.88442,4.43008,89a6c0a5d1daa4a,4.42,33,1.04,8.34,2.08,6.26,0,cash,2023-04-18
49ef547f-3faf-45f5-a629-cb59686ffa30,E10127,R2312,3,UberX,car,FALSE,2023-03-17 03:31:00,2023-03-17 04:10:00,52.05767,5.1231,89581174f1d0395,52.08305,5.16072,897a6d3efafc4a9,10.14,39,1.11,18.58,4.64,13.94,0,wallet,2023-03-17
c5694a00-364e-4377-8d0d-f6047c762ace,E10065,R2427,4,UberX,car,FALSE,2023-01-18 15:08:00,2023-01-18 15:21:00,51.47809,5.44869,89fd2c18ddf6813,51.46363,5.52288,898d626f5ac4cd6,1.2,13,1.04,2.72,0.68,2.04,0,card,2023-01-18
946e4395-addc-49f4-b47e-5c6f94fedf38,E10025,R2039,4,UberX,car,TRUE,2023-02-21 01:13:00,2023-02-21 01:49:00,51.40687,5.45376,89a09e3b44bda5a,51.42294,5.50526,897ff3041ce5190,8.88,36,1.04,15.79,3.95,11.84,0,wallet,2023-02-21
09d69d3e-114e-4748-851c-4431a64680af,E10136,R2043,2,UberX,car,FALSE,2023-01-16 20:22:00,2023-01-16 20:42:00,51.90702,4.43772,8900e32db08c0ed,51.91152,4.454,89b5c6895307655,6.36,20,1.13,12.04,3.01,9.03,0,cash,2023-01-16
42b8e2be-f760-44f9-a3d8-92c4b9686e7a,E10016,R2549,2,UberX,car,FALSE,2023-04-23 08:17:00,2023-04-23 08:52:00,51.90025,4.4939,89d01f21737fa87,51.91132,4.45168,8973ee03ccfc98c,5.99,35,1.29,12.57,3.14,9.43,2,wallet,2023-04-23
afe70669-8f47-4c62-8e98-a502fe114e32,E10067,R2481,5,UberX,car,TRUE,2023-03-28 02:36:00,2023-03-28 03:07:00,52.07758,4.28197,8947ca5e660223c,52.03138,4.32887,8985100d2642556,4.42,31,0.98,7.64,1.91,5.73,0,wallet,2023-03-28
11475862-f663-45b8-ae79-eaa3e7d29f3e,E10077,R2296,3,UberX,car,FALSE,2023-03-24 09:38:00,2023-03-24 09:48:00,52.05746,5.07257,890f293eac530ae,52.05944,5.0734,890a1f783e5b139,4.31,10,1.36,9.79,2.45,7.34,0,cash,2023-03-24
b9673b4e-378a-4ce8-9abd-da1855ae1fd7,E10140,R2370,4,UberGreen,car,TRUE,2023-01-28 23:29:00,2023-01-28 23:58:00,51.40698,5.44352,894634ab6e75bd8,51.41974,5.50167,8941e48d7f6e07a,1.2,29,1.2,3.26,0.82,2.44,0,cash,2023-01-28
9ba60d06-70a2-4cdb-a75c-59d1d00df2f6,E10040,R2108,4,UberGreen,car,TRUE,2023-02-19 03:37:00,2023-02-19 03:46:00,51.46658,5.51388,89607dbdc728d09,51.40535,5.45259,890b2a11edd4f7e,5.92,9,1.1,11.59,2.9,8.69,0,card,2023-02-19
a627af4e-0ea0-4277-8c37-fd46203b13ff,E10146,R2241,3,UberX,car,TRUE,2023-02-12 02:22:00,2023-02-12 02:57:00,52.10509,5.13065,89d45a5028b20d9,52.0526,5.12374,89c8fc88251de29,3.8,35,0.96,6.26,1.56,4.7,0,card,2023-02-12
623813d5-0880-4235-8d96-19125cfec80c,E10124,R2390,5,UberX,car,FALSE,2023-02-17 05:53:00,2023-02-17 06:11:00,52.09585,4.30871,8903d3b659728c6,52.04641,4.29193,8925a80b9ec562a,4.72,18,1.03,8.46,2.12,6.34,0,cash,2023-02-17
326e5001-5db8-4424-ab8e-a669f1238dee,E10052,R2587,2,UberX,car,FALSE,2023-02-03 07:32:00,2023-02-03 08:01:00,51.90985,4.43794,8912e00ce7cc444,51.95602,4.51807,8994e50e605007f,7.62,29,1.24,15.7,3.92,11.78,0,card,2023-02-03
dc4145be-c7b0-4b7b-8b3b-2a4b7dd597fb,E10036,R2422,2,UberGreen,car,TRUE,2023-01-22 10:52:00,2023-01-22 11:23:00,51.89723,4.48931,89fe182e656b65d,51.91488,4.45117,89778653379f9e0,6.21,31,1.01,10.86,2.72,8.14,0,card,2023-01-22
83452e25-8925-4bd8-85fd-10c1bd5449e5,E10044,R2441,1,UberX,car,TRUE,2023-04-10 13:58:00,2023-04-10 14:08:00,52.40195,4.95042,892a4fe05124c49,52.36029,4.90647,89cf5dbd756904f,5.09,10,1.04,9.27,2.32,6.95,0,wallet,2023-04-10
9100eb9c-445d-4c69-8885-f44128acdfe0,E10052,R2275,2,UberBlack,car,FALSE,2023-03-30 02:09:00,2023-03-30 02:23:00,51.94734,4.5178,893314a3851ee73,51.91309,4.45705,89cb7b342768f94,8.22,14,1.13,24.35,6.09,18.26,0.9,wallet,2023-03-30
8260eded-af39-475d-bedc-3df54546a93e,E10095,R2204,5,UberX,car,FALSE,2023-03-11 04:00:00,2023-03-11 04:11:00,52.09136,4.24619,89f3f08868cf09e,52.042,4.29138,8903ef25cade693,7.19,11,1.13,13.5,3.38,10.12,0,cash,2023-03-11
578fde98-2676-486b-afe6-5ab7fa20d3d8,E10008,R2115,4,UberPool,car,FALSE,2023-03-17 05:27:00,2023-03-17 05:42:00,51.40701,5.45644,89f566acd3f0382,51.42239,5.50802,890320d92ab9489,6.95,15,1.01,10.5,2.62,7.88,0,cash,2023-03-17
a4be4843-31c8-4b63-9ac3-fcf47dc4b074,E10092,R2517,4,UberX,car,FALSE,2023-04-09 17:49:00,2023-04-09 17:58:00,51.42175,5.50159,890e494e11da9ed,51.42094,5.50043,8956fcb84d215d7,3.62,9,1.33,8.84,2.21,6.63,0,card,2023-04-09
63214691-c5e4-4d1c-a0b8-51095758a9a9,E10098,R2334,4,UberX,car,FALSE,2023-02-07 19:26:00,2023-02-07 19:50:00,51.40923,5.44896,893e0e4b22e1030,51.46737,5.51463,898a390c99651d3,5.73,24,1.4,13.63,3.41,10.22,0,cash,2023-02-07
64270568-f1de-4de9-8c5d-151841dcb5e1,E10108,R2007,5,UberX,car,FALSE,2023-02-17 13:15:00,2023-02-17 13:42:00,52.03165,4.33526,894398472a43f95,52.05612,4.32917,89ce735e8eb2d83,6.15,27,1.14,12.28,3.07,9.21,0,cash,2023-02-17
8400e97f-707e-4c42-81f3-d98a22c13dcd,E10144,R2361,3,UberX,car,TRUE,2023-01-25 04:51:00,2023-01-25 05:22:00,52.08239,5.16539,89138fd2d5d1909,52.10831,5.13727,89a8cda5970080b,7.59,31,0.98,12.18,3.04,9.14,1.19,card,2023-01-25
067723f3-c8a7-4de8-a000-9d605dc80b8a,E10004,R2089,1,UberX,car,TRUE,2023-01-13 14:15:00,2023-01-13 14:44:00,52.36675,4.9333,8958ec4f752e471,52.3592,4.90378,896e02ca214668b,5.01,29,1.04,9.55,2.39,7.16,0,wallet,2023-01-13
c9ef67e9-80d2-4e8c-9839-bd467ca510c6,E10058,R2588,1,UberPool,car,FALSE,2023-02-26 05:03:00,2023-02-26 05:45:00,52.36008,4.89904,8999e9690bf8719,52.38681,4.85239,89509777f877a1f,7,42,0.97,10.27,2.57,7.7,0,card,2023-02-26
3ff6155d-1255-4ca5-a639-16a0f9ac8425,E10054,R2188,2,UberGreen,car,TRUE,2023-03-02 03:01:00,2023-03-02 03:25:00,51.95549,4.52507,899c2b8154fba3f,51.91072,4.45581,89067bbd04e9fec,5.87,24,1.01,10.92,2.73,8.19,0,card,2023-03-02
ef58b945-036b-4349-bfaa-4460e625e7d5,E10034,R2416,2,UberX,car,FALSE,2023-01-04 10:42:00,2023-01-04 11:02:00,51.95496,4.52294,89f92dc40ba0db6,51.89712,4.49105,8913f683350411d,5.08,20,1.01,8.6,2.15,6.45,0,cash,2023-01-04
d709d9b8-bc24-4ade-a389-d22e7b28cd65,E10064,R2308,1,UberX,car,TRUE,2023-03-26 18:53:00,2023-03-26 19:21:00,52.32573,4.90532,8961536d486909f,52.4027,4.94409,89484a20f1b8304,6.62,28,1.29,14.61,3.65,10.96,0,cash,2023-03-26
f956089d-763f-4a0f-a58d-e6c3b5f21019,E10025,R2445,4,UberX,car,TRUE,2023-01-13 22:36:00,2023-01-13 22:53:00,51.46378,5.51765,89e1b67fbeff9c2,51.46755,5.51616,89336923ce637ca,4.81,17,1.11,9.16,2.29,6.87,0,wallet,2023-01-13
9933a33c-61b6-48eb-8034-7dfd08609f3e,E10072,R2558,1,UberPool,car,TRUE,2023-02-17 06:43:00,2023-02-17 07:17:00,52.32809,4.90357,89fd668c58df8ce,52.36398,4.93537,8992ea0825eec14,4.2,34,0.99,6.2,1.55,4.65,0,card,2023-02-17
351f7423-9c5a-4bba-9031-47bc2fe2a161,E10086,R2455,3,UberX,car,FALSE,2023-04-08 07:24:00,2023-04-08 07:54:00,52.06202,5.07399,896f3a8a2cd1820,52.10728,5.13529,897aa0fc94611bb,8.28,30,1.34,17.88,4.47,13.41,0,cash,2023-04-08
3908400d-6781-4867-a3b9-a367ba9a39c2,E10067,R2278,5,UberX,car,TRUE,2023-03-11 23:56:00,2023-03-12 00:09:00,52.05576,4.32534,898aeac9e582f62,52.09464,4.30861,89c6b410ab00b82,3.99,13,1.19,8.55,2.14,6.41,5.31,wallet,2023-03-11
851c472f-5d95-418b-ab94-256efba47bc8,E10140,R2188,2,UberGreen,car,TRUE,2023-03-29 12:00:00,2023-03-29 12:41:00,51.95426,4.52494,89249b4c0e83eb8,51.88491,4.4319,8970f54c72c73fa,1.2,41,1.02,2.82,0.7,2.12,3.88,card,2023-03-29
e08df3ca-974b-47e4-94d6-9c395fb2922a,E10060,R2224,3,UberX,car,FALSE,2023-04-03 12:34:00,2023-04-03 12:48:00,52.05629,5.11719,89cc2b021c0f4f9,52.11007,5.13456,89cc15d4f814e29,1.2,14,1.13,3.04,0.76,2.28,0,cash,2023-04-03
77ab1963-8962-47b2-8027-4fe23aa5e0ff,E10018,R2539,1,UberX,car,FALSE,2023-02-11 03:47:00,2023-02-11 03:58:00,52.34367,4.84356,89fc0145d64118f,52.4008,4.9478,897e1e730fd3747,10.3,11,1.14,19.03,4.76,14.27,0,wallet,2023-02-11
b68c464e-9a8d-4c59-aa10-7f1084dfb05c,E10104,R2268,2,UberX,car,TRUE,2023-04-07 14:50:00,2023-04-07 15:24:00,51.94349,4.51296,894f0ea8b404125,51.94263,4.51499,89b1b5aaca8d816,8.57,34,1.04,14.63,3.66,10.97,0,cash,2023-04-07
333f51c0-c4c0-4584-b1ad-eed5d1c4349d,E10005,R2110,5,UberPool,car,FALSE,2023-04-30 11:38:00,2023-04-30 11:51:00,52.05184,4.32204,899c4d80a0b9d41,52.07753,4.28312,89a15791eb5a42e,7.36,13,1.01,10.57,2.64,7.93,1.14,cash,2023-04-30
c5e4ddd5-122e-40e8-b9cc-9db3a678996a,E10103,R2193,5,UberX,car,FALSE,2023-04-29 21:23:00,2023-04-29 21:57:00,52.0549,4.3276,89b95552d86596a,52.05698,4.32872,89f2a1b49f1d21d,4.33,34,1.26,9.33,2.33,7,0,card,2023-04-29
88f1a68c-949b-4293-91c9-6dba8036528e,E10083,R2548,3,UberX,car,TRUE,2023-04-14 15:32:00,2023-04-14 15:42:00,52.08501,5.16693,89b5252edacff77,52.06034,5.07002,89674291289bf37,5.09,10,1.15,10.16,2.54,7.62,0,cash,2023-04-14
a4f93a79-41ca-4e7e-a082-5e951531ee58,E10067,R2385,5,UberX,car,TRUE,2023-01-22 02:19:00,2023-01-22 02:41:00,52.07746,4.27931,89ed0b9749a4d46,52.02935,4.33732,89af915be0d7ed4,1.2,22,0.98,3.14,0.78,2.36,0,card,2023-01-22
81d99a8a-2ee8-4fc8-9205-0304c815512f,E10086,R2324,4,UberX,car,FALSE,2023-04-24 16:51:00,2023-04-24 17:20:00,51.40772,5.44092,894586c15d921e3,51.466,5.51773,890a448c4c8ba4d,9.24,29,1.39,21.03,5.26,15.77,3.8,card,2023-04-24
20c8d15e-91f5-4849-8226-ed22c2a789e8,E10122,R2570,5,UberGreen,car,TRUE,2023-04-24 14:03:00,2023-04-24 14:17:00,52.09121,4.31249,896dd52cf2dd0ee,52.08722,4.24428,89d096c92e84da8,8.63,14,1.09,16.33,4.08,12.25,0,card,2023-04-24
7789e3e6-e32e-4f38-80fa-84fc78376ea1,E10156,R2484,5,UberX,car,FALSE,2023-01-24 18:37:00,2023-01-24 19:04:00,52.08126,4.28536,896a1d03a8d1053,52.05597,4.32739,895b367d0064aa1,4.48,27,1.42,11.3,2.82,8.48,0,card,2023-01-24
c0c765d5-58d9-4cf8-be9c-588a1e08e6dc,E10118,R2529,1,UberX,car,TRUE,2023-03-11 14:52:00,2023-03-11 15:24:00,52.36363,4.93448,89e21daeb18b2bf,52.40265,4.94607,8981850e5bf60a6,2.77,32,1.04,5.04,1.26,3.78,0,card,2023-03-11
464d30e9-11c1-4897-b898-f00e0ea0c096,E10110,R2388,4,UberGreen,car,TRUE,2023-01-08 02:32:00,2023-01-08 02:52:00,51.40523,5.452,89601be1fa210d9,51.48136,5.45333,893f3b13034d6fc,9.97,20,1.13,19.46,4.86,14.6,0,cash,2023-01-08
e4eead30-7299-4670-9ebb-455c0eaa17d0,E10014,R2374,1,UberGreen,car,TRUE,2023-01-11 11:00:00,2023-01-11 11:29:00,52.32742,4.89809,893e4bb2e8d118e,52.34422,4.8436,89c7ad2260f80bf,7.48,29,1.12,14.67,3.67,11,0,cash,2023-01-11
d5179f50-9ad7-47a7-aef5-bdc90866c101,E10091,R2528,3,UberX,car,FALSE,2023-01-19 07:00:00,2023-01-19 07:23:00,52.09265,5.1723,89b1ba265d261c4,52.10978,5.13834,8990bb7f3f79bcc,8.29,23,1.34,18.37,4.59,13.78,0,wallet,2023-01-19
fae9017a-e35e-4b77-a70b-547c3a0429c1,E10071,R2546,4,UberPool,car,FALSE,2023-03-19 05:53:00,2023-03-19 06:16:00,51.40519,5.45629,892b94779393839,51.42147,5.50859,89ee7c5bfa3ab85,10.6,23,1.01,15.14,3.78,11.36,0,wallet,2023-03-19
9aa6fe70-ac18-4174-a348-ab7b59ebc6c7,E10128,R2314,3,UberBlack,car,FALSE,2023-03-11 06:29:00,2023-03-11 06:46:00,52.10585,5.12918,89ba53761c1303a,52.09711,5.17539,89da47f93becc94,6.66,17,1.1,18.95,4.74,14.21,2.46,cash,2023-03-11
cc594aa2-4508-451f-8e61-9c6cd3971f29,E10121,R2214,5,UberX,car,FALSE,2023-01-24 18:43:00,2023-01-24 19:17:00,52.09383,4.30483,8971c5782e87cb8,52.05188,4.32066,89f141539504cef,1.2,34,1.42,3.98,1,2.98,0,card,2023-01-24
dbe98f04-e4ca-49a3-b4aa-58b96b9d6d6b,E10128,R2168,3,UberX,car,FALSE,2023-01-22 21:33:00,2023-01-22 21:40:00,52.08449,5.1637,89cb5e22a4a6805,52.05432,5.12151,89c64dc34adf417,8.3,7,1.25,17.39,4.35,13.04,0,wallet,2023-01-22
f541c78a-bd15-4e31-804e-558fba5bc0c5,E10118,R2593,1,UberPool,car,TRUE,2023-04-16 15:42:00,2023-04-16 16:11:00,52.34189,4.84818,89de3f50f5327ee,52.36309,4.90118,89d7639d058fe77,2.38,29,1.05,4.32,1.08,3.24,0,cash,2023-04-16
1cf9afa0-6eb3-40bc-af52-00f3397a059c,E10146,R2148,3,UberPool,car,TRUE,2023-01-21 23:40:00,2023-01-21 23:56:00,52.08148,5.15942,89796013945be30,52.06149,5.07273,890668524a22c5b,6.62,16,1.22,12.04,3.01,9.03,2.42,card,2023-01-21
e3826fe5-65ce-4dbb-aacf-151fd108d392,E10039,R2565,1,UberX,car,TRUE,2023-04-24 18:01:00,2023-04-24 18:22:00,52.33048,4.90168,897b1c194d18514,52.3847,4.85744,8939a16f01885d3,5.77,21,1.29,12.61,3.15,9.46,0,card,2023-04-24
a9f2e416-7823-4ddd-8162-097d78d29afb,E10119,R2192,3,UberPool,car,FALSE,2023-03-07 10:36:00,2023-03-07 11:11:00,52.0593,5.07424,891b57556f52da3,52.05762,5.06779,898501110553e86,7.18,35,1.15,11.98,3,8.98,0,cash,2023-03-07
0a623dbc-3664-43af-8364-6c3b46742363,E10011,R2243,5,UberPool,car,FALSE,2023-03-15 17:55:00,2023-03-15 18:23:00,52.08716,4.24416,898bca37b4d75b5,52.0791,4.28063,8964922b4939b01,3.81,28,1.41,8.67,2.17,6.5,0,cash,2023-03-15
bdcb4419-bbdb-4ba9-af06-9893282bd1f6,E10029,R2122,4,UberPool,car,TRUE,2023-04-24 01:44:00,2023-04-24 01:53:00,51.46468,5.51518,89b1d73b72025bb,51.40855,5.45761,8984af523f43ae3,8.25,9,1.04,12.91,3.23,9.68,0,card,2023-04-24
6d6bb27a-e577-402e-91c5-5b3a122a6308,E10066,R2282,3,UberX,car,TRUE,2023-01-09 15:22:00,2023-01-09 15:47:00,52.08444,5.16206,890473cf3d5b53d,52.05708,5.06671,89c8c9a46d39784,9.51,25,1.15,17.62,4.4,13.22,0,card,2023-01-09
a711f15c-38fc-4735-ab01-c9e8c4b7623b,E10015,R2218,1,UberPool,car,TRUE,2023-02-28 07:33:00,2023-02-28 07:53:00,52.36077,4.90396,892e5dc26539cb6,52.40038,4.94171,89015ff946bcf5c,6.45,20,1.36,12.52,3.13,9.39,0,card,2023-02-28
2e69fc43-b94e-4cb9-8e33-24ac2578d14d,E10137,R2166,1,UberX,car,FALSE,2023-02-23 03:36:00,2023-02-23 04:12:00,52.36145,4.90165,895f75fa2c7012f,52.3888,4.85738,89a5c6df4b64eea,3.71,36,1.14,7.63,1.91,5.72,0,cash,2023-02-23
c8e38b70-8ee3-48ad-b9c1-7f1c2e938c96,E10109,R2520,5,UberX,car,TRUE,2023-02-04 06:35:00,2023-02-04 06:52:00,52.04443,4.29074,89609d43867f45e,52.04631,4.29633,895c70102e6cb1b,5.72,17,1.12,10.89,2.72,8.17,0,wallet,2023-02-04
b1b19083-59df-4115-9747-aa1627bd4e04,E10129,R2454,2,UberX,car,FALSE,2023-04-09 06:41:00,2023-04-09 06:55:00,51.91039,4.45391,892fbdac9523d1f,51.91438,4.455,8900db448d6916a,3.12,14,0.97,5.79,1.45,4.34,0,card,2023-04-09
70f08456-0485-4023-9282-3403132c7203,E10152,R2186,3,UberPool,car,FALSE,2023-04-11 02:10:00,2023-04-11 02:39:00,52.111,5.13761,898f1cc9ddb97af,52.10749,5.13121,89d5f200e2e82c4,6.72,29,0.96,9.79,2.45,7.34,0,wallet,2023-04-11
a84f78af-2820-432a-9181-d0b3950b5499,E10048,R2336,5,UberGreen,car,TRUE,2023-04-14 22:56:00,2023-04-14 23:08:00,52.09429,4.31071,899f6160bb1739f,52.05199,4.32696,89ad61d0edcecbe,5.02,12,1.29,12.06,3.02,9.04,0,cash,2023-04-14
bc33b49e-b5a8-4ce4-a6fa-776fa63f8f42,E10101,R2042,4,UberX,car,FALSE,2023-04-19 17:12:00,2023-04-19 17:45:00,51.40454,5.44865,89a81df844d05f4,51.40569,5.45723,89f3256985f2974,1.2,33,1.33,3.22,0.8,2.42,0,cash,2023-04-19
74cfa957-4676-4b60-a334-4951a95e4f53,E10141,R2232,1,UberX,car,FALSE,2023-03-08 02:21:00,2023-03-08 02:49:00,52.32992,4.89794,892c4fdefc35304,52.38717,4.85683,8985500d25abddf,9.24,28,1.06,16.07,4.02,12.05,0.13,cash,2023-03-08
728ff231-2921-41f6-94e0-c1680a26c35f,E10062,R2574,5,UberPool,car,FALSE,2023-01-09 15:27:00,2023-01-09 16:07:00,52.0784,4.2873,896e7f7cfe9f527,52.03397,4.33575,8925536f9dfd53a,5.36,40,1.14,8.8,2.2,6.6,0.02,cash,2023-01-09
33ae669e-f0f4-4c55-9e5b-92bb94194678,E10019,R2433,4,UberX,car,FALSE,2023-01-30 17:06:00,2023-01-30 17:15:00,51.48051,5.45041,89bbfda1208ae98,51.46763,5.51502,89da8e739347935,9.28,9,1.33,20.02,5,15.02,0,card,2023-01-30
3eb0980d-c5c5-43cc-aa9e-8b8e9a7986d1,E10132,R2517,2,UberX,car,TRUE,2023-02-12 01:19:00,2023-02-12 01:49:00,51.88461,4.42738,896f9e585e05e64,51.89908,4.49187,8932f93ce26b205,7.72,30,0.99,12.78,3.2,9.58,0,card,2023-02-12
35918d08-f33b-43f6-aef7-c72b0fc0aa9b,E10056,R2153,1,UberX,car,FALSE,2023-01-26 22:28:00,2023-01-26 22:43:00,52.34083,4.84479,8955965b9427431,52.34475,4.84807,894012471e2f4f6,5.57,15,1.18,11.48,2.87,8.61,1.91,wallet,2023-01-26
95a75659-3f1f-4514-82c5-814e79394940,E10048,R2496,5,UberX,car,TRUE,2023-01-29 04:09:00,2023-01-29 04:27:00,52.08711,4.2528,8904a968389c342,52.09156,4.30889,890859f7e5f0cf0,8.54,18,1.13,15.85,3.96,11.89,0,card,2023-01-29
58d8b7ad-1b78-4840-9009-f080688939a7,E10145,R2407,2,UberPool,car,TRUE,2023-04-02 09:23:00,2023-04-02 10:01:00,51.91327,4.45401,89b95cb72996d6e,51.88686,4.43368,895766e84ae1932,6.39,38,1.27,11.99,3,8.99,0,card,2023-04-02
014936f4-8110-4454-b6c5-0e91923e06e5,E10140,R2319,2,UberX,car,TRUE,2023-01-17 05:15:00,2023-01-17 05:49:00,51.8955,4.48971,89356bdc3dcebaf,51.88745,4.43132,89441aa6efcfbf1,4.29,34,1.1,8.7,2.17,6.53,0,wallet,2023-01-17
a40009e0-9f20-45ef-8020-2c94b326f3d8,E10034,R2347,2,UberX,car,FALSE,2023-01-14 11:18:00,2023-01-14 11:42:00,51.91068,4.45903,8910eca10b65c49,51.89558,4.49135,895a8e0916318ca,5.58,24,1,9.49,2.37,7.12,0,card,2023-01-14
1d5b828b-bdd0-4032-83d2-bc798a5ff76e,E10143,R2250,5,UberX,car,TRUE,2023-02-07 18:08:00,2023-02-07 18:27:00,52.05647,4.32436,89285cea5092698,52.03022,4.33379,89550c4bbb1fdfd,8.57,19,1.42,19.92,4.98,14.94,1.17,card,2023-02-07
45450524-0402-47c0-b855-13ac34df0113,E10121,R2456,5,UberPool,car,FALSE,2023-04-17 00:45:00,2023-04-17 01:03:00,52.09536,4.3131,8992d563bcd171d,52.08749,4.25276,894b979136b775d,8.76,18,1.01,12.94,3.24,9.7,0.1,card,2023-04-17
02aa424d-59f0-458a-806c-09cea4c343a2,E10124,R2025,5,UberX,car,FALSE,2023-03-19 05:13:00,2023-03-19 05:26:00,52.02941,4.33104,8912da8525ae48f,52.04449,4.28944,894ad555db33259,3.63,13,1.03,6.69,1.67,5.02,0,card,2023-03-19
6bffbb4c-37c6-491b-8995-049398fe1c9c,E10045,R2583,2,UberPool,car,TRUE,2023-02-23 04:10:00,2023-02-23 04:37:00,51.91087,4.45619,89ce9234587ac15,51.91017,4.45797,8958eb97d42fab7,4.76,27,1.08,8.41,2.1,6.31,0,card,2023-02-23
034df33c-8617-4cf1-9700-8746e36baebc,E10033,R2414,2,UberPool,car,TRUE,2023-02-16 10:19:00,2023-02-16 10:37:00,51.91129,4.43911,89f2fd20b9374e0,51.88804,4.42817,893a388c9788337,5.6,18,1.01,8.28,2.07,6.21,0,cash,2023-02-16
608c32b9-2920-436e-a408-0d6f7bcfbfff,E10104,R2538,2,UberGreen,car,TRUE,2023-01-20 00:09:00,2023-01-20 00:29:00,51.88331,4.42927,8922d5437078c2f,51.88748,4.42816,898224c8436b000,5.92,20,1.08,11.89,2.97,8.92,0.41,wallet,2023-01-20
83c16308-09da-4526-827c-7190635570c0,E10147,R2443,2,UberGreen,car,TRUE,2023-01-20 09:50:00,2023-01-20 10:01:00,51.94539,4.51476,89edef23b746a7c,51.89858,4.49272,899623caee54e3e,7.53,11,1.27,17.1,4.28,12.82,0,cash,2023-01-20
dab47d33-2fde-42a5-9830-8dc25e223d95,E10005,R2014,5,UberX,car,FALSE,2023-02-19 02:03:00,2023-02-19 02:22:00,52.03078,4.32908,89fe37ef0ec52d0,52.04441,4.28968,8979299f0e682e8,4.17,19,0.98,7.25,1.81,5.44,0,card,2023-02-19
9e49bf51-1e88-4bd2-874c-a723f9a1395b,E10156,R2327,5,UberX,car,FALSE,2023-02-05 12:30:00,2023-02-05 12:39:00,52.07984,4.28191,890b14e8db2aef2,52.08789,4.24553,89a6a45a24a8cb4,8.82,9,0.99,14.25,3.56,10.69,0,card,2023-02-05
c2364af5-daff-41a2-a7d1-adba711718e8,E10131,R2461,1,UberPool,car,FALSE,2023-01-18 11:48:00,2023-01-18 12:26:00,52.34422,4.84904,8952a206a217f2d,52.40584,4.94744,89eb4b6a7844c34,5.98,38,1.12,10.45,2.61,7.84,0.53,card,2023-01-18
3cb3b3d8-71c2-4b06-8c58-e800af9567f2,E10044,R2167,1,UberBlack,car,TRUE,2023-03-26 09:51:00,2023-03-26 10:06:00,52.3879,4.85459,89f5a5f8cd3a4c6,52.38385,4.86181,894386ca9579b1e,2.73,15,1.25,9.52,2.38,7.14,0,cash,2023-03-26
8895882e-51f8-465d-a3f4-212fa628144c,E10092,R2470,1,UberX,car,FALSE,2023-04-28 10:41:00,2023-04-28 11:05:00,52.40526,4.94683,89396513dd35c75,52.34093,4.84848,8965e86a0d45d31,3.04,24,1.04,6.18,1.54,4.64,0,card,2023-04-28
cdd16517-e3d6-461c-8190-eb8e829e7599,E10144,R2274,3,UberGreen,car,TRUE,2023-01-09 08:27:00,2023-01-09 08:53:00,52.1107,5.13682,89925c1dd3a4466,52.10875,5.13618,8920831091d81a0,5.7,26,1.28,13.34,3.34,10,0,card,2023-01-09
ea095a9f-0990-4d25-8cad-886628b2fea1,E10042,R2177,2,UberX,car,FALSE,2023-03-31 00:35:00,2023-03-31 01:09:00,51.89462,4.49766,89aacc9898ce19b,51.88322,4.42739,8923aac5646a5c5,3.62,34,1.08,7.32,1.83,5.49,5.23,wallet,2023-03-31
98c87bb4-8f5e-441d-9f58-f26ea5419fbd,E10007,R2090,2,UberBlack,car,TRUE,2023-04-06 07:10:00,2023-04-06 07:18:00,51.89896,4.48993,895687694e15ca4,51.95459,4.52344,894100cf7fbe5ae,6.92,8,1.24,22.56,5.64,16.92,0,card,2023-04-06
a4db4aa8-d14a-49b7-a0ac-d82a2a1f17c9,E10133,R2566,3,UberGreen,car,TRUE,2023-02-07 08:46:00,2023-02-07 09:04:00,52.05957,5.06923,89dbe4a18204a25,52.09289,5.17358,891de0bff8fd532,2.39,18,1.28,6.33,1.58,4.75,0,cash,2023-02-07
53da2899-7fef-4f75-a7ed-75a8bd5a8436,E10062,R2025,3,UberX,car,FALSE,2023-04-03 15:36:00,2023-04-03 15:51:00,52.09348,5.17544,8960184dd1aa6c0,52.0593,5.07096,890dc0110fc1415,3.62,15,1.15,7,1.75,5.25,0,card,2023-04-03
e7438787-f3b1-4bef-aa9e-a25055ecfe32,E10151,R2562,2,UberX,car,FALSE,2023-02-19 06:39:00,2023-02-19 06:59:00,51.89739,4.49667,89af56dd7b4ab75,51.95834,4.52341,89f28aa53f70e02,9.2,20,0.97,14.7,3.68,11.02,0,card,2023-02-19
4f6b37f4-157b-4559-9eeb-0edc309c092c,E10042,R2097,2,UberX,car,FALSE,2023-04-13 12:06:00,2023-04-13 12:17:00,51.95571,4.52507,89026e87d9cfba9,51.94519,4.51758,89777abd6f0cc6b,2.57,11,1.02,5.03,1.26,3.77,0.6,card,2023-04-13
0481454e-7450-4f5c-ba31-4b5c23fed0af,E10112,R2485,5,UberGreen,car,TRUE,2023-03-18 03:43:00,2023-03-18 04:00:00,52.08018,4.27938,899a43a5b876d97,52.04246,4.29517,89874f1c50efc7e,9.63,17,0.95,15.76,3.94,11.82,0,cash,2023-03-18
347993eb-c304-4416-9880-e069d1ed45ec,E10090,R2077,4,UberX,car,FALSE,2023-04-08 00:43:00,2023-04-08 01:09:00,51.47785,5.45196,89dba1ec2474019,51.42136,5.50645,894ff5b3712bd06,6.25,26,1,10.98,2.74,8.24,0,card,2023-04-08
6b576d5c-52c2-455a-a87d-0357c69e2c77,E10140,R2487,2,UberGreen,car,TRUE,2023-01-04 03:54:00,2023-01-04 04:12:00,51.94772,4.51975,895d8a65e050333,51.95834,4.52336,89f28aa53f70e02,7.67,18,1.01,14.23,3.56,10.67,0,wallet,2023-01-04
3d30c79c-100d-47df-92ec-178352d12273,E10045,R2020,2,UberX,car,TRUE,2023-02-02 20:24:00,2023-02-02 20:56:00,51.90034,4.49748,897535d194c23c4,51.9136,4.45316,89eaeb0301c54b0,4.89,32,1.13,9.22,2.31,6.91,0,cash,2023-02-02
f4b1968c-8db9-4718-8a31-1f8c801da886,E10074,R2294,1,UberPool,car,FALSE,2023-01-03 23:41:00,2023-01-03 23:55:00,52.38626,4.86112,89ace295e8d4e63,52.38613,4.85739,8992fbff99f5a74,4.31,14,1.3,8.51,2.13,6.38,0,wallet,2023-01-03
7dc29271-c8f2-4be8-97b8-52b5ce32ca6c,E10007,R2330,2,UberBlack,car,TRUE,2023-04-09 21:33:00,2023-04-09 21:43:00,51.94416,4.51356,89e1984c248484c,51.91035,4.45908,89f12c5fef3b4fa,6.92,10,1.13,21.02,5.26,15.76,0,card,2023-04-09
215c8826-a3f3-41ec-815a-70c10af18cf3,E10115,R2044,3,UberX,car,FALSE,2023-03-07 12:40:00,2023-03-07 12:47:00,52.0612,5.07599,89f81e59642932a,52.10784,5.13182,89d6715851e049c,6.38,7,1.13,12.57,3.14,9.43,0.08,cash,2023-03-07
fbae8c0d-d60e-46c4-bc94-f73259c3292f,E10152,R2262,3,UberBlack,car,FALSE,2023-02-08 01:52:00,2023-02-08 02:00:00,52.0822,5.16443,896c07d147683b1,52.10717,5.13418,89c06214b6a3e70,3.97,8,0.99,10.65,2.66,7.99,0,card,2023-02-08
23a1f4ae-b92e-403b-84bd-b6c2b03d7834,E10089,R2089,4,UberGreen,car,TRUE,2023-01-27 08:16:00,2023-01-27 08:33:00,51.42133,5.50759,897c41a51a03685,51.4662,5.51921,896a70b594cacde,6.56,17,1.4,15.89,3.97,11.92,0,wallet,2023-01-27
d2534fb2-006d-41c0-953b-646d922d6759,E10080,R2526,2,UberGreen,car,TRUE,2023-04-25 12:14:00,2023-04-25 12:50:00,51.89735,4.49641,89d1fca6ed5f9b1,51.90897,4.43574,897d83f7d738141,4.85,36,1.02,9.37,2.34,7.03,0.22,cash,2023-04-25
25958599-7c7f-418b-adf1-5bc14fdd7721,E10061,R2366,4,UberGreen,car,TRUE,2023-01-25 18:36:00,2023-01-25 19:15:00,51.40684,5.45779,89abbf69b9f1d62,51.40629,5.44925,890fb3136b43759,7.08,39,1.27,15.7,3.92,11.78,0.98,cash,2023-01-25
7384dc83-f0d9-4684-a40d-4cf67f61b652,E10088,R2185,2,UberPool,car,FALSE,2023-02-19 15:17:00,2023-02-19 15:52:00,51.91257,4.46005,89625f96503bf50,51.90736,4.43255,8906202a7048450,4.63,35,1.04,7.94,1.98,5.96,0,card,2023-02-19
3faa2de3-af92-4986-94c8-069b12f94327,E10049,R2274,1,UberX,car,FALSE,2023-02-02 05:24:00,2023-02-02 05:45:00,52.34207,4.84937,89e8f2517ff3125,52.38583,4.85265,89ea6bdc3ad8bff,4.29,21,0.97,7.44,1.86,5.58,0,card,2023-02-02
6b7f140c-fb43-40e5-ae98-380ec1af836d,E10056,R2041,1,UberX,car,FALSE,2023-04-01 04:26:00,2023-04-01 04:56:00,52.38676,4.85853,89ddf2190c964a3,52.40456,4.94717,89f82c484912d54,9.1,30,0.96,14.25,3.56,10.69,0,card,2023-04-01
844dd5b4-304e-484b-a6b3-a94f3f9a8790,E10054,R2571,2,UberBlack,car,TRUE,2023-02-03 13:03:00,2023-02-03 13:31:00,51.91338,4.45214,892ed3c0d5677aa,51.89982,4.49838,898c8b4065b95d9,5.34,28,1.15,16.24,4.06,12.18,0,wallet,2023-02-03
87cac5b3-d28b-4f4d-8e13-db579d4cd82f,E10073,R2477,1,UberGreen,car,TRUE,2023-03-11 06:50:00,2023-03-11 07:08:00,52.33096,4.89779,8927d77d7469e2b,52.40533,4.94395,89eb339bd4abb9a,9.42,18,0.99,16.26,4.07,12.19,0,cash,2023-03-11
cec6e6c4-79e4-443f-b360-ddc6d53d9e8e,E10059,R2212,1,UberX,car,FALSE,2023-03-06 20:10:00,2023-03-06 20:43:00,52.36403,4.93332,891cd4bd8e3a346,52.36419,4.90141,89ced9097bdfeda,4.13,33,0.98,7.37,1.84,5.53,0.88,wallet,2023-03-06
f48c969d-ad66-47da-a4c6-646896c612d6,E10100,R2162,1,UberX,car,FALSE,2023-04-12 18:25:00,2023-04-12 19:01:00,52.34311,4.84741,89741f70e8fe878,52.34325,4.8479,89c7ea3976530d9,3.58,36,1.29,8.53,2.13,6.4,0,cash,2023-04-12
4be093b1-4e55-4b2b-9ff5-90834e03c5cf,E10034,R2043,3,UberX,car,FALSE,2023-01-28 12:04:00,2023-01-28 12:26:00,52.08376,5.16799,89d0a4df293d560,52.0837,5.16573,8931f03bacbe394,5.09,22,1.13,9.57,2.39,7.18,0,cash,2023-01-28
db4015e0-5f26-4cb2-a4d1-50777a855383,E10139,R2145,3,UberPool,car,FALSE,2023-01-30 07:39:00,2023-01-30 07:50:00,52.10587,5.13152,89cd7dafd3eff46,52.06095,5.07141,89f56a222a1cae2,9.75,11,1.34,18.67,4.67,14,2.4,card,2023-01-30
e5113ee1-1a8f-4acf-bd55-6568a418d323,E10115,R2497,3,UberX,car,FALSE,2023-03-12 19:28:00,2023-03-12 19:54:00,52.09662,5.17597,899b244a94648d2,52.0567,5.06712,89584d2dcad57ba,2.91,26,1.33,7.08,1.77,5.31,0.4,cash,2023-03-12
9236dc99-4b8b-46ef-92b9-973a84f07965,E10087,R2492,5,UberBlack,car,FALSE,2023-02-24 15:01:00,2023-02-24 15:12:00,52.03334,4.33642,89ffaed14e66bfe,52.03174,4.33142,89d325eed365278,6.95,11,1.14,21.28,5.32,15.96,0,wallet,2023-02-24
b26737b3-dc9d-4655-9d5f-9d4180840d8f,E10050,R2363,4,UberX,car,FALSE,2023-01-12 01:34:00,2023-01-12 02:15:00,51.40647,5.44823,89eff62194dba26,51.42192,5.50113,89a92ed6f9733b5,4.01,41,1.04,7.7,1.92,5.78,0,cash,2023-01-12
e507f7f5-9a75-47c0-b8e9-581883d8418d,E10050,R2046,3,UberX,car,FALSE,2023-03-31 11:16:00,2023-03-31 11:50:00,52.05755,5.12326,894f63bcf0abf70,52.0557,5.11799,89f5cade05c343b,5.37,34,1.05,10.08,2.52,7.56,0,cash,2023-03-31
b08f9615-c41d-4e60-b360-120676e1279d,E10061,R2521,4,UberGreen,car,TRUE,2023-03-31 04:22:00,2023-03-31 04:44:00,51.46318,5.51553,890d7b1e29a5106,51.47794,5.44668,89b7191f52804fd,5.64,22,1.02,10.03,2.51,7.52,0,card,2023-03-31
f1ad7dcd-0795-45b8-98ce-f12e66d49826,E10078,R2114,5,UberGreen,car,TRUE,2023-01-13 13:25:00,2023-01-13 13:39:00,52.09326,4.30601,899af4f444fa628,52.08627,4.24413,89c9f01ffc7b1f0,8.33,14,1.14,16.98,4.24,12.74,0,cash,2023-01-13
3c1f945c-723f-4ee2-9056-2346ea56dbc7,E10155,R2109,3,UberX,car,FALSE,2023-01-24 12:56:00,2023-01-24 13:27:00,52.10775,5.13758,896e2c06e8d6a4b,52.05748,5.06998,89c34508a25c521,6.28,31,1.13,12.4,3.1,9.3,0,card,2023-01-24
492fe80f-6f4b-4e61-9124-801e2efa8061,E10023,R2484,5,UberX,car,FALSE,2023-04-10 03:52:00,2023-04-10 04:04:00,52.08198,4.28484,89864fc5b5edf87,52.05565,4.32929,89bc94ab70340c8,7.64,12,0.95,12,3,9,0,card,2023-04-10
7c2234d5-8a5f-4719-bd2a-d32468dd3931,E10032,R2243,5,UberX,car,FALSE,2023-02-01 06:12:00,2023-02-01 06:44:00,52.03408,4.33683,898eccd759d5719,52.08652,4.24662,8944fb912c64014,10.1,32,1.12,18.46,4.62,13.84,0,cash,2023-02-01
2a0fa21d-24b0-4723-9168-5a7032823258,E10029,R2350,4,UberX,car,TRUE,2023-01-02 02:31:00,2023-01-02 03:01:00,51.40715,5.44319,898c04e142a8c8f,51.46278,5.51695,895e0bdbc6e68da,6.04,30,1.13,11.55,2.89,8.66,0,cash,2023-01-02
d3c0d108-855e-4da4-84ac-97d96b5aa77f,E10057,R2325,5,UberX,car,FALSE,2023-01-10 18:15:00,2023-01-10 18:34:00,52.03498,4.33124,890921d002e8fe7,52.03357,4.32834,89ae8c76aeef7e4,9.48,19,1.42,21.7,5.42,16.28,0,wallet,2023-01-10
d6be1e86-b313-41ba-8bbc-19bc96fdf46e,E10136,R2511,3,UberX,car,FALSE,2023-02-26 05:06:00,2023-02-26 05:15:00,52.05352,5.11895,893a30b6664e5d9,52.05576,5.12326,89eeb25d41c1d1c,6.58,9,1.03,11.32,2.83,8.49,0.57,cash,2023-02-26
301c8018-7011-4f25-840e-af6bf3a519a4,E10073,R2081,1,UberGreen,car,TRUE,2023-01-11 03:03:00,2023-01-11 03:14:00,52.33989,4.84519,89d0deea2db9104,52.32676,4.90527,8984158e324adc3,9.91,11,1.14,19.7,4.92,14.78,0,wallet,2023-01-11
4505ca85-c0c7-4273-991f-3127ab0a1ae9,E10019,R2531,3,UberX,car,FALSE,2023-02-27 08:13:00,2023-02-27 08:54:00,52.08234,5.16519,89121dfad42a65e,52.10645,5.13711,8953d0b7d47ab00,3.56,41,1.28,8.34,2.08,6.26,0,wallet,2023-02-27
a40895de-34d6-4753-b766-182a4ad443d0,E10037,R2304,5,UberX,car,FALSE,2023-03-27 21:40:00,2023-03-27 22:13:00,52.04313,4.29332,897abfa1bda9030,52.03393,4.33628,8996621e5805db0,6.18,33,1.26,13.39,3.35,10.04,0.82,card,2023-03-27
9300882d-57bd-4f83-aef8-0e666010ff93,E10142,R2003,1,UberGreen,car,TRUE,2023-01-12 01:31:00,2023-01-12 01:43:00,52.36286,4.93606,89e11f3eedb9857,52.32626,4.89987,895b220c1339602,6.18,12,0.98,10.84,2.71,8.13,0,wallet,2023-01-12
5f63950e-e4c4-41d4-bba1-6889bf23328e,E10059,R2284,5,UberX,car,FALSE,2023-04-13 16:26:00,2023-04-13 16:41:00,52.0877,4.25262,89ffdd37c4c584a,52.09261,4.30978,894daa3c78170cd,8.91,15,1.45,21.44,5.36,16.08,0,wallet,2023-04-13
b095f47f-f9f3-4469-9592-864cfd3b1580,E10028,R2000,5,UberX,car,TRUE,2023-01-22 16:55:00,2023-01-22 17:18:00,52.09153,4.30968,89d8e9c01dad322,52.05501,4.32675,89b54674af00cfc,8.33,23,1.45,19.78,4.94,14.84,0,wallet,2023-01-22
474c5e34-c1d7-444f-84e5-a9f07930ddcf,E10059,R2555,3,UberX,car,FALSE,2023-01-31 15:12:00,2023-01-31 15:54:00,52.06227,5.07525,892152faa4ed4cb,52.10744,5.13264,894622d112ad0ef,6.45,42,1.15,12.29,3.07,9.22,4.91,card,2023-01-31
3a0a2a6e-a743-4ce8-871a-de1e0b331a3f,E10019,R2450,3,UberX,car,FALSE,2023-03-16 11:34:00,2023-03-16 11:53:00,52.05221,5.1239,89aa9edd77b154e,52.08164,5.16046,89618226f15c7a9,5.67,19,1.05,9.79,2.45,7.34,0,cash,2023-03-16
6c66732c-a254-48a9-bcde-1ec7202dc713,E10078,R2181,5,UberPool,car,TRUE,2023-04-17 08:44:00,2023-04-17 08:54:00,52.09085,4.24761,89d1ff111b31c4e,52.08962,4.24731,8919bee3a998714,6.78,10,1.38,13.95,3.49,10.46,0,cash,2023-04-17
709086d3-1877-4be1-acb1-2614c44ee554,E10099,R2530,3,UberX,car,FALSE,2023-02-10 11:49:00,2023-02-10 12:08:00,52.05867,5.07435,898d870ea68b258,52.08054,5.1677,896b53ad3b40b97,8.34,19,1.05,14.14,3.54,10.6,0,card,2023-02-10
d5952ac6-c312-4fd7-bf8a-5e7076095784,E10099,R2396,3,UberBlack,car,FALSE,2023-04-13 17:05:00,2023-04-13 17:28:00,52.09543,5.17279,89fbac7480caa0b,52.05394,5.1191,899746ca0076ef1,5.73,23,1.28,19.09,4.77,14.32,1.37,card,2023-04-13
bef9532c-1907-4316-bb80-37c3a46935f5,E10006,R2495,5,UberX,car,FALSE,2023-02-07 12:35:00,2023-02-07 13:09:00,52.09108,4.24871,893469c1ea1340d,52.04493,4.29232,8996b7741c99551,5.18,34,0.99,8.6,2.15,6.45,1.79,card,2023-02-07
4285ba14-d8be-43a6-8d8c-8ee4f0037944,E10133,R2018,1,UberPool,car,TRUE,2023-03-12 20:29:00,2023-03-12 21:03:00,52.34136,4.84559,897afb5b5582d9b,52.40579,4.95104,89bf6c5d4aabe88,8.37,34,0.98,12.37,3.09,9.28,0,card,2023-03-12
a64fa550-62e1-4a84-816e-9c90185e10cb,E10115,R2424,3,UberX,car,FALSE,2023-02-19 05:22:00,2023-02-19 05:47:00,52.09383,5.17603,89caccb0674d17c,52.06227,5.0706,893c6b21977678b,4.81,25,1.03,8.61,2.15,6.46,0,card,2023-02-19
d85790a1-1f62-4c18-9e31-9c48498cd0b0,E10086,R2269,3,UberX,car,FALSE,2023-04-10 12:29:00,2023-04-10 12:45:00,52.09475,5.17929,89e391b1b354c22,52.10544,5.12984,897a03b9195d732,5.32,16,1.13,10.61,2.65,7.96,0,card,2023-04-10
5d5b5656-0905-4b5c-b078-91c461923792,E10017,R2019,4,UberX,car,FALSE,2023-03-21 11:58:00,2023-03-21 12:26:00,51.46266,5.51874,89b66dd009897db,51.48136,5.44704,897ce36c198859b,10.78,28,1,17.5,4.38,13.12,0,cash,2023-03-21
80598ae9-5989-4dad-999a-d6a7899aa61a,E10086,R2016,3,UberX,car,FALSE,2023-03-21 04:03:00,2023-03-21 04:29:00,52.10712,5.13529,892e8d05446fc57,52.11033,5.12841,89c3aa122aef9aa,8.09,26,0.98,13.71,3.43,10.28,0,cash,2023-03-21
4996fff9-c1d8-412e-8ea6-7a38b73f4c1e,E10131,R2484,1,UberX,car,FALSE,2023-01-16 08:12:00,2023-01-16 08:29:00,52.34173,4.84943,898a2a91c2e497c,52.34212,4.84242,89e01545f952414,10.07,17,1.25,20.67,5.17,15.5,0.84,card,2023-01-16
ef1d3a4d-4754-4280-8ae9-745c42c3cd0f,E10108,R2591,5,UberX,car,FALSE,2023-03-30 05:32:00,2023-03-30 06:10:00,52.09177,4.24501,89402ea77d88299,52.04159,4.29767,8933524a5c49476,3.51,38,1.03,6.18,1.54,4.64,0,wallet,2023-03-30
fd7e3c9c-054a-4b50-abab-a91d53a83c91,E10031,R2594,2,UberGreen,car,TRUE,2023-02-24 15:44:00,2023-02-24 16:04:00,51.91053,4.45415,89c944e6e71bba3,51.9563,4.517,895a28c446ddcea,2.78,20,1.04,5.39,1.35,4.04,0,card,2023-02-24
da5629b3-2a49-4e14-8ba3-8410bcd70623,E10003,R2413,3,UberX,car,FALSE,2023-01-31 12:13:00,2023-01-31 12:20:00,52.10795,5.13823,89f36f3db3cf137,52.09643,5.17424,8947a34d8ff7a4f,7.76,7,1.13,14.98,3.74,11.24,0,cash,2023-01-31
c0ff6e00-d2b9-4991-a9f8-ec7fd2e42c36,E10059,R2339,1,UberX,car,FALSE,2023-03-14 19:00:00,2023-03-14 19:29:00,52.36175,4.90273,8993d38b43c46f9,52.38442,4.86123,8914599cb7cc452,4.53,29,1.35,10.24,2.56,7.68,0,card,2023-03-14
169bb4aa-17d9-44b9-aba5-c0d6912b9180,E10123,R2159,4,UberX,car,FALSE,2023-04-29 05:59:00,2023-04-29 06:34:00,51.46456,5.51974,893e0316b935257,51.42331,5.50238,897381317d4cd6c,5.17,35,1.01,9.51,2.38,7.13,0,card,2023-04-29
9c982854-acd3-42ac-98e4-900c13e091e9,E10143,R2532,5,UberGreen,car,TRUE,2023-02-08 01:38:00,2023-02-08 01:55:00,52.03307,4.33076,898df61c4fa1c44,52.05746,4.32517,89769bce4b13107,3.01,17,1.11,6.46,1.62,4.84,0,wallet,2023-02-08
265f0aab-fc14-4977-990b-b4cb327eb690,E10103,R2125,5,UberX,car,FALSE,2023-04-05 19:43:00,2023-04-05 20:05:00,52.02991,4.33279,89555eb409fd32f,52.08926,4.25155,89f1aeddb3cef5b,6.4,22,1.44,15.03,3.76,11.27,1.83,cash,2023-04-05
329eb541-1b16-44ac-8d75-b7f0fb51abde,E10031,R2025,2,UberX,car,TRUE,2023-02-06 01:48:00,2023-02-06 02:28:00,51.9561,4.52367,894d3f6704ccfa4,51.95553,4.52149,89c3a5e82736ed3,3.98,40,0.99,6.82,1.7,5.12,0,card,2023-02-06
b9570712-039e-4e51-9016-d02df48a5b53,E10140,R2034,2,UberGreen,car,TRUE,2023-01-19 12:27:00,2023-01-19 12:34:00,51.88402,4.42862,891a4932867e3c4,51.89732,4.49139,89a4b7e04790111,9.53,7,1.02,16.56,4.14,12.42,0,cash,2023-01-19
eb961805-81db-4d2f-a793-1870968718ac,E10064,R2073,1,UberGreen,car,TRUE,2023-02-05 06:28:00,2023-02-05 06:53:00,52.36758,4.93574,89910c01d93ff23,52.36326,4.93425,892be78f7d74a3b,4.45,25,0.99,7.89,1.97,5.92,0.56,cash,2023-02-05
9657c3a2-2a18-4219-b735-7b345c3c93cd,E10125,R2009,2,UberX,car,TRUE,2023-01-31 14:29:00,2023-01-31 14:50:00,51.8838,4.43027,896d874df4d2a93,51.90018,4.49434,89b080a15e99dbf,3.92,21,1.04,7,1.75,5.25,2.01,cash,2023-01-31
a77e3b43-dc86-4590-af5e-99bffc31da1e,E10024,R2277,2,UberX,car,TRUE,2023-04-12 15:22:00,2023-04-12 15:55:00,51.90938,4.45709,89aefb6b6f32fad,51.88895,4.42731,893dc3b37619152,5.55,33,1.04,9.81,2.45,7.36,0,wallet,2023-04-12
37e5081d-13f4-49c9-9293-b9a5d01d79ee,E10143,R2039,5,UberPool,car,TRUE,2023-04-11 21:54:00,2023-04-11 22:34:00,52.03216,4.33059,89b1d6c0fb14ce3,52.09689,4.31271,8922d868934c360,6.49,40,1.26,11.96,2.99,8.97,0.89,wallet,2023-04-11
a03e9a19-fdb0-4b95-bd34-52058aa1a6ae,E10128,R2468,5,UberBlack,car,FALSE,2023-03-27 18:19:00,2023-03-27 18:54:00,52.08925,4.25073,8977f4f9f47d07b,52.05162,4.32728,89fdae9e9f3b7ed,8.6,35,1.42,31.23,7.81,23.42,0.86,wallet,2023-03-27
58669b63-30b4-44da-8650-1ebaefa3b94c,E10060,R2026,3,UberX,car,FALSE,2023-02-08 22:17:00,2023-02-08 22:49:00,52.10995,5.13795,891a96aede1801f,52.05748,5.07307,896fd5030fdad56,7.82,32,1.17,14.71,3.68,11.03,0.54,wallet,2023-02-08
23cbe6b6-5be7-4b47-959c-79b5f70a7cd3,E10056,R2547,1,UberX,car,FALSE,2023-03-08 14:17:00,2023-03-08 14:43:00,52.38768,4.86089,89669026374d198,52.38374,4.8528,89dcfe53ee11a8a,2.98,26,1.04,5.38,1.34,4.04,0,card,2023-03-08
ee865f13-9339-450a-bf13-c72852102d64,E10153,R2361,3,UberPool,car,FALSE,2023-01-31 11:20:00,2023-01-31 11:51:00,52.10935,5.13571,89791602ade67e0,52.05696,5.12175,8960e3cc14cfc80,7.65,31,1.05,11.4,2.85,8.55,0,card,2023-01-31
c3b767c0-a650-4a04-8d85-6b735d380a27,E10017,R2095,4,UberPool,car,FALSE,2023-02-06 09:55:00,2023-02-06 10:12:00,51.47861,5.44643,89e1a3e7ed63236,51.48308,5.44528,89d95e128757276,2.48,17,1.26,5.05,1.26,3.79,0,cash,2023-02-06
4fc86c09-b174-411a-976d-2b77c4a52ff6,E10043,R2072,5,UberX,car,FALSE,2023-03-14 17:24:00,2023-03-14 17:54:00,52.08965,4.24705,89736ec6478b8fe,52.09448,4.30939,899148e546f5312,7.22,30,1.41,16.5,4.12,12.38,0,cash,2023-03-14
98e6b546-ebec-49cc-a59e-5abbe28b894e,E10088,R2586,2,UberPool,car,FALSE,2023-04-22 07:26:00,2023-04-22 07:41:00,51.89547,4.49283,899fd4c781a8f88,51.89852,4.49522,894aa2b9b6d422c,9.67,15,1.24,17.39,4.35,13.04,0.33,wallet,2023-04-22
e5b9d7a3-4812-4a81-931e-8059fce924d7,E10134,R2545,3,UberPool,car,TRUE,2023-04-08 21:36:00,2023-04-08 22:13:00,52.05801,5.07553,890cdc8dd52fb65,52.10747,5.13612,89e1011aed87ecc,8.3,37,1.25,15.27,3.82,11.45,0,card,2023-04-08
8af26eb9-7677-4b1d-9120-58aaa2d37500,E10041,R2518,3,UberGreen,car,TRUE,2023-04-12 20:20:00,2023-04-12 20:32:00,52.08523,5.16674,8990340bdfa2783,52.11078,5.13593,89ac71d865928d5,9.1,12,1.05,17.14,4.28,12.86,0,wallet,2023-04-12
34f0876d-7312-43ce-bd58-cfa200e506fa,E10149,R2576,4,UberX,car,FALSE,2023-04-18 23:24:00,2023-04-18 23:47:00,51.40958,5.45194,8940e1d0975eb42,51.40656,5.45342,890bb94cdf5cb0a,5.02,23,1.2,10.23,2.56,7.67,1.78,cash,2023-04-18
ea35db02-e73b-40bf-886d-a61c54929323,E10058,R2137,1,UberX,car,FALSE,2023-02-04 00:07:00,2023-02-04 00:14:00,52.36341,4.90387,894612cea3b3ce8,52.32759,4.90507,89748b28bd95ebb,2.62,7,0.97,4.98,1.25,3.73,0.45,card,2023-02-04
86345a64-72b2-4c51-b844-ef8b4cc9076b,E10136,R2305,2,UberX,car,FALSE,2023-01-17 06:43:00,2023-01-17 06:53:00,51.95435,4.52314,896f634de25c050,51.90998,4.43788,89e625552dc110e,9.16,10,0.97,14.83,3.71,11.12,0,wallet,2023-01-17
6b2eefce-d006-4b2f-81b0-aa7537a55196,E10128,R2124,3,UberX,car,FALSE,2023-03-10 21:58:00,2023-03-10 22:11:00,52.10855,5.13522,89d6994a53f0e3e,52.08285,5.16543,89bb14f814d207e,5.58,13,1.25,11.6,2.9,8.7,0,cash,2023-03-10
ffcc723a-0e87-4819-a70c-0da71f940180,E10028,R2477,5,UberPool,car,TRUE,2023-03-30 09:32:00,2023-03-30 09:39:00,52.08135,4.28657,890b8900dbed512,52.07872,4.27994,89a8da5cb6ac3c7,8.7,7,1.39,16.84,4.21,12.63,0.54,cash,2023-03-30
8e2c3199-8ad1-4489-9b71-7ca390bad028,E10086,R2373,3,UberX,car,FALSE,2023-04-26 23:20:00,2023-04-26 23:48:00,52.10935,5.13251,89eea2d76110d63,52.08004,5.16242,8954a6898efa705,8.95,28,1.22,17.86,4.46,13.4,0,card,2023-04-26
ac6a33eb-f683-4d8e-a907-f6da34fe0439,E10126,R2114,5,UberBlack,car,FALSE,2023-03-30 18:51:00,2023-03-30 19:05:00,52.0887,4.24707,895d2b04aa5bcb0,52.03178,4.33036,89c5473ce359980,5.3,14,1.42,19.47,4.87,14.6,0,cash,2023-03-30
3d2c593b-d2b6-4838-b99c-fd34439114c7,E10098,R2396,4,UberX,car,FALSE,2023-03-11 09:58:00,2023-03-11 10:27:00,51.40663,5.45285,89f2a75488c2df6,51.48063,5.44962,89c4288861691c1,4.07,29,1.26,9.03,2.26,6.77,0,card,2023-03-11
493ccd80-2fbb-4bde-a06b-ece312204902,E10039,R2330,1,UberGreen,car,TRUE,2023-04-09 11:44:00,2023-04-09 12:25:00,52.38311,4.85752,89f66a01f47cde3,52.32638,4.90442,891c1e8131695c3,7.35,41,1.12,14.43,3.61,10.82,0,card,2023-04-09
86364e16-4d46-4aef-9e03-bde95c68421f,E10061,R2522,4,UberX,car,TRUE,2023-04-23 21:09:00,2023-04-23 21:39:00,51.46718,5.52182,8944f50a237e6fc,51.4813,5.45466,891530fa74acf36,2.01,30,1.14,4.21,1.05,3.16,0,cash,2023-04-23
27499ae6-1ca6-40b4-a580-86d6883912e6,E10005,R2189,5,UberPool,car,FALSE,2023-04-26 17:24:00,2023-04-26 18:00:00,52.08828,4.24542,89a264286bdc517,52.09638,4.30436,89f7dea6f9d58b8,4.08,36,1.41,9.19,2.3,6.89,0,cash,2023-04-26
1f0fec15-3ab3-4771-b45b-c7070233dfd5,E10108,R2563,5,UberX,car,FALSE,2023-04-09 12:16:00,2023-04-09 12:24:00,52.08969,4.24524,8913f5e7ef67044,52.04633,4.29619,89aa1e6ad2322f7,5.74,8,0.99,9.97,2.49,7.48,0,card,2023-04-09
f6adefff-0f1d-4e23-b019-64f89c4ff1a7,E10118,R2284,3,UberX,car,TRUE,2023-01-07 00:07:00,2023-01-07 00:38:00,52.05585,5.11951,89946ddb6d42f12,52.0958,5.17111,89f1725858fc8fd,2.6,31,1.06,5.54,1.38,4.16,0.61,wallet,2023-01-07
f925ab0c-d921-457e-b299-148e831d78df,E10037,R2416,5,UberX,car,FALSE,2023-02-28 11:28:00,2023-02-28 11:54:00,52.09096,4.24502,89ded9577d60f9f,52.09668,4.30885,89c3f0cb8dc1308,4.25,26,1.01,7.23,1.81,5.42,0.87,cash,2023-02-28
864214bb-46a8-40ce-b559-de3a522ea6f5,E10067,R2193,1,UberX,car,TRUE,2023-02-04 06:12:00,2023-02-04 06:42:00,52.3644,4.93044,8906b634a9a3f99,52.3606,4.90704,89c777bfd83461d,11.27,30,0.99,18.78,4.7,14.08,0,card,2023-02-04
b58b421c-4fa4-4f77-aa1b-de865637fceb,E10030,R2090,1,UberGreen,car,TRUE,2023-03-26 22:29:00,2023-03-26 23:01:00,52.36358,4.90012,89a900a8e51dd3b,52.34306,4.84687,89f95a7112fa4c5,6.13,32,1.18,12.64,3.16,9.48,0,card,2023-03-26
76e72d81-f938-4530-a9f7-f7a4f894abfd,E10063,R2489,5,UberX,car,FALSE,2023-02-22 03:06:00,2023-02-22 03:29:00,52.08166,4.28846,89631b620aa719e,52.08946,4.25052,89d77b2a3631a8f,5.21,23,0.95,8.23,2.06,6.17,0,wallet,2023-02-22
d1bfb454-8ef6-4364-8df3-2633c182c746,E10004,R2503,1,UberGreen,car,TRUE,2023-01-19 02:55:00,2023-01-19 03:34:00,52.32719,4.90512,896140f37fa339d,52.33071,4.89881,8909680cb30d7de,7.03,39,1.06,13.31,3.33,9.98,0,cash,2023-01-19
2abcd599-adda-412d-817a-f8e97ea134e3,E10048,R2332,5,UberGreen,car,TRUE,2023-02-19 07:29:00,2023-02-19 08:05:00,52.03133,4.33009,89447d474b08815,52.05257,4.32453,89c2b9824cca0ec,10.03,36,1.31,23.01,5.75,17.26,0,wallet,2023-02-19
768ab67f-063e-4055-8944-1a3d5261354c,E10048,R2325,5,UberGreen,car,TRUE,2023-04-07 21:35:00,2023-04-07 22:00:00,52.0308,4.33328,8904e4bdf0ce33a,52.05515,4.32911,89f39942066a130,7.51,25,1.26,16.95,4.24,12.71,0,wallet,2023-04-07
b38ec9b5-10de-4661-83ef-b82b10ceb77f,E10131,R2319,1,UberX,car,FALSE,2023-01-06 12:19:00,2023-01-06 12:29:00,52.33083,4.9034,895df972b656ad0,52.36399,4.92841,89d53846f72b58e,4.08,10,1.01,7.43,1.86,5.57,0,wallet,2023-01-06
0a8c2c0a-b91c-4114-baf6-fddc02bc083f,E10145,R2206,2,UberPool,car,TRUE,2023-01-10 23:01:00,2023-01-10 23:25:00,51.94371,4.51356,898407c01767a12,51.94272,4.51839,894be2bc63728fa,7.95,24,1.22,14,3.5,10.5,0,card,2023-01-10
c74205ce-0a59-4d03-a6cc-bb6c80866282,E10119,R2304,3,UberX,car,FALSE,2023-01-07 18:55:00,2023-01-07 19:12:00,52.10671,5.13195,89c6e9cb3ee5157,52.10577,5.1358,894a5038384e81e,7.29,17,1.36,16.78,4.2,12.58,0,card,2023-01-07
362fecc4-7aaa-42fe-a6c0-2c3d8c1e19ca,E10074,R2347,2,UberPool,car,FALSE,2023-04-07 12:35:00,2023-04-07 13:02:00,51.94681,4.51523,890e04ae70070e8,51.90937,4.44121,8986e4878a689df,5.86,27,1.02,8.76,2.19,6.57,1.49,card,2023-04-07
c4819e30-b4cd-414a-9cda-bc019016f7af,E10109,R2107,4,UberGreen,car,TRUE,2023-04-19 05:38:00,2023-04-19 05:59:00,51.4092,5.45281,891de4490b293d0,51.40735,5.45037,8968c86f9bbce0c,3.74,21,1.01,7.64,1.91,5.73,0,card,2023-04-19
d77ec35f-453d-4405-8bb7-59c18c040866,E10068,R2027,4,UberBlack,car,TRUE,2023-04-14 09:31:00,2023-04-14 09:41:00,51.41801,5.50368,8929213f04eaf0e,51.48028,5.45315,89eef2b899934d1,6.87,10,1.26,22.53,5.63,16.9,0,wallet,2023-04-14
e15db4c4-19ee-47e6-af7f-a99c7c7fb0cc,E10053,R2016,5,UberX,car,FALSE,2023-01-11 21:48:00,2023-01-11 22:06:00,52.09318,4.31195,89d09b349708320,52.05528,4.32526,89958a1ce974808,1.88,18,1.26,4.37,1.09,3.28,0,cash,2023-01-11
d9af73f1-94a7-4b26-ba11-f8c177aa3aac,E10057,R2558,5,UberBlack,car,FALSE,2023-03-18 14:05:00,2023-03-18 14:39:00,52.09435,4.30484,892131a830f3d4c,52.07878,4.28481,89c4c85c26b285e,12.48,34,1.09,35.24,8.81,26.43,0,card,2023-03-18
16f3666a-ab36-4f61-840f-4bc973b8d93f,E10083,R2002,3,UberX,car,TRUE,2023-03-26 00:45:00,2023-03-26 01:23:00,52.05683,5.11485,897d0a56526d2cc,52.0541,5.11875,8924e55540a7820,7.06,38,1.06,12.23,3.06,9.17,0,wallet,2023-03-26
220812e3-d123-468f-849d-cd256049365a,E10015,R2216,1,UberX,car,TRUE,2023-04-19 04:25:00,2023-04-19 05:06:00,52.38317,4.85968,891cc2e6d3dab3b,52.38712,4.85998,891ab961b954113,11,41,0.96,17.3,4.32,12.98,0,cash,2023-04-19
13fd5f0b-f1c7-4eab-bf29-1a1517f66d4b,E10037,R2288,5,UberX,car,FALSE,2023-04-05 01:20:00,2023-04-05 01:52:00,52.09006,4.24375,8936bcea3fffc25,52.0778,4.28445,890c2b3f9c9f794,8.29,32,1.11,15.15,3.79,11.36,0,wallet,2023-04-05
e76049b0-8e79-4621-84bf-d78165ca2867,E10099,R2076,4,UberX,car,FALSE,2023-03-26 09:48:00,2023-03-26 10:00:00,51.47946,5.44751,89068f0324adf05,51.4071,5.44945,89f7d8b14182fdf,7.17,12,1.26,15.07,3.77,11.3,0,cash,2023-03-26
d79e102c-c3e8-4202-b54a-a80221a07bb3,E10060,R2096,3,UberPool,car,FALSE,2023-03-07 18:59:00,2023-03-07 19:27:00,52.05724,5.1163,8903cc60b8b560f,52.05475,5.12082,89bdffa816d576b,7.19,28,1.36,14.32,3.58,10.74,0,card,2023-03-07
a5d61a14-6598-438a-ab42-5a77ce364c56,E10138,R2360,5,UberX,car,TRUE,2023-01-20 11:06:00,2023-01-20 11:34:00,52.08999,4.24463,896f94c04b5d906,52.03495,4.32849,89c450c949d348a,4.87,28,1.01,8.14,2.04,6.1,0,card,2023-01-20
c52dd802-3be6-4550-99e8-c8f91750e943,E10046,R2537,3,UberGreen,car,TRUE,2023-01-21 16:16:00,2023-01-21 16:32:00,52.09216,5.17529,895e6305c6acf57,52.10752,5.13761,89886d2308b9667,2.92,16,1.4,7.9,1.98,5.92,0,card,2023-01-21
fa58e220-814f-498a-aa17-5808592f09b0,E10072,R2500,2,UberGreen,car,TRUE,2023-01-30 22:12:00,2023-01-30 22:33:00,51.90964,4.43844,897ebdbc218a33d,51.88689,4.43374,895766e84ae1932,3.48,21,1.18,7.91,1.98,5.93,0,wallet,2023-01-30
6da1172e-73ae-4593-8ce9-885b6f4f7db1,E10131,R2576,1,UberX,car,FALSE,2023-02-26 11:14:00,2023-02-26 11:38:00,52.33906,4.84527,89552931a391bfe,52.40221,4.94787,8985d7e116eac98,7.54,24,1.12,14.38,3.6,10.78,1.79,cash,2023-02-26
0205cf77-5955-43b9-bf3f-65c666217109,E10151,R2278,1,UberX,car,FALSE,2023-04-11 02:35:00,2023-04-11 02:52:00,52.4021,4.95115,892b03b186242dc,52.36191,4.93379,89b242c5f2bfedd,7.59,17,1.06,13.48,3.37,10.11,0,wallet,2023-04-11
3397fa40-fd18-4bfe-af13-99afb2f54c72,E10102,R2222,1,UberX,car,FALSE,2023-04-09 03:10:00,2023-04-09 03:19:00,52.34142,4.84788,89b679db3537ec7,52.38477,4.86024,89e9883672825e5,5.3,9,1.14,10.36,2.59,7.77,0,card,2023-04-09
a9d128cf-17bb-4912-9340-dd48b4268c6c,E10100,R2278,2,UberX,car,FALSE,2023-04-08 19:32:00,2023-04-08 19:46:00,51.94485,4.51408,89dca7ce7e56f17,51.91165,4.43845,89f1d0a4ce224b6,4.38,14,1.43,10.54,2.64,7.9,0,wallet,2023-04-08
e08ec305-0e0d-43ad-9975-b73563d5d15b,E10026,R2376,3,UberX,car,TRUE,2023-02-08 14:45:00,2023-02-08 15:15:00,52.08063,5.16202,8976148d62d4517,52.11107,5.1292,8996fadc47f5954,5.72,30,1.03,9.76,2.44,7.32,0,card,2023-02-08
be215a1d-a397-4d70-999f-2e299a629a45,E10000,R2027,4,UberX,car,FALSE,2023-01-25 19:37:00,2023-01-25 20:11:00,51.40771,5.44907,890e0fd288d6d6c,51.40931,5.4439,89ae3100ddcbcf9,5.49,34,1.4,13.24,3.31,9.93,0.41,wallet,2023-01-25
0bd40207-090f-4ebf-852d-127401952317,E10038,R2287,5,UberGreen,car,TRUE,2023-02-23 00:24:00,2023-02-23 00:58:00,52.04536,4.29522,89313f6e1f074a4,52.05329,4.32664,8973ab2c2f792e3,5.89,34,1.01,10.75,2.69,8.06,0,cash,2023-02-23
e71da537-84e0-4bbd-b534-5176f7d5a402,E10053,R2547,5,UberX,car,FALSE,2023-01-15 01:53:00,2023-01-15 02:34:00,52.09477,4.30991,89f76cace425a35,52.03241,4.33096,89c9ab15574ca25,4.51,41,1.11,8.41,2.1,6.31,0,card,2023-01-15
a531aabb-29a1-423b-9158-1cd9992ac392,E10064,R2524,1,UberGreen,car,TRUE,2023-02-16 07:48:00,2023-02-16 08:17:00,52.3887,4.8603,892207267ec4cb7,52.36518,4.92961,893ba25f7455ccb,3.77,29,1.36,9.65,2.41,7.24,0,cash,2023-02-16
99381bee-88b3-4296-b3bd-4df5ed3016c9,E10059,R2033,3,UberX,car,FALSE,2023-03-05 22:13:00,2023-03-05 22:27:00,52.0816,5.16157,8914da32db86ee5,52.05655,5.11631,89448fc35a70721,5.48,14,1.17,11.4,2.85,8.55,0.86,wallet,2023-03-05
53110a70-6142-4bda-9ca7-b0619e86da55,E10097,R2021,4,UberX,car,TRUE,2023-03-07 08:34:00,2023-03-07 09:03:00,51.40903,5.44748,8958fe568c3755e,51.41963,5.50617,8946888dcecc409,9.62,29,1.4,21.54,5.38,16.16,0,wallet,2023-03-07
895b0cd1-e9ea-4f77-80bf-3e15b35c452a,E10086,R2247,3,UberX,car,FALSE,2023-01-23 13:23:00,2023-01-23 13:30:00,52.10852,5.13409,890de553836df9a,52.05408,5.11719,8959916309164fd,4.23,7,1.05,7.53,1.88,5.65,0,cash,2023-01-23
a39ae989-152e-45fc-9765-42ad8ad5e9bd,E10112,R2495,5,UberX,car,TRUE,2023-01-09 20:55:00,2023-01-09 21:36:00,52.09129,4.30931,89f26d762b7cefc,52.07745,4.28464,891673638f225e8,4.7,41,1.07,8.54,2.13,6.41,0,card,2023-01-09
3b8e850e-72e0-46dd-b02d-bfba5d916dcd,E10002,R2432,5,UberX,car,FALSE,2023-01-23 18:23:00,2023-01-23 18:43:00,52.08195,4.2879,896bc1f9967051f,52.05581,4.32396,898675ce221b374,5.82,20,1.42,14.27,3.57,10.7,0,wallet,2023-01-23
f636662e-a562-49dd-a5ca-7b9a719b886e,E10061,R2268,4,UberBlack,car,TRUE,2023-04-18 12:41:00,2023-04-18 13:23:00,51.4046,5.44723,892ce7c596d5a03,51.4064,5.44695,89248d666b44d1e,8.67,42,1.11,24.88,6.22,18.66,0,cash,2023-04-18
0b7c8eeb-4eec-4f41-a1ce-9e6e1492550b,E10060,R2209,3,UberX,car,FALSE,2023-01-24 02:45:00,2023-01-24 03:14:00,52.05717,5.12065,895da4e3b5b7981,52.10969,5.13243,892313f52f14db0,8.53,29,0.96,13.34,3.34,10,0.46,card,2023-01-24
1a1f3a63-5797-4efd-9657-b39a0d803e6b,E10113,R2380,2,UberPool,car,FALSE,2023-03-08 12:00:00,2023-03-08 12:20:00,51.88423,4.43305,894750370d6ddb7,51.91091,4.43445,89e90af128551a4,3.8,20,1.02,5.84,1.46,4.38,0,card,2023-03-08
e3c56fb7-3c9c-4b24-a8b9-147f1b13a403,E10121,R2420,5,UberX,car,FALSE,2023-01-28 04:17:00,2023-01-28 04:41:00,52.09627,4.31281,89d743b93ba0e7e,52.05599,4.32349,8950549e9b2da53,4.41,24,1.13,9.03,2.26,6.77,0,wallet,2023-01-28
05a8ca83-04d3-4ca5-afef-908367fc9f1f,E10110,R2309,4,UberX,car,TRUE,2023-01-22 22:09:00,2023-01-22 22:29:00,51.4197,5.50664,89424ce0d0233b3,51.4076,5.43991,894cfb6e7ad8c89,8.15,20,1.11,14.64,3.66,10.98,0,cash,2023-01-22
d3678f9c-5284-48b9-ac4f-f475487c6e02,E10093,R2588,1,UberBlack,car,FALSE,2023-01-12 00:15:00,2023-01-12 00:54:00,52.36345,4.9,8965d29a355ef3c,52.36373,4.92642,89a9b45559c1a52,7.39,39,0.97,18.53,4.63,13.9,0,card,2023-01-12
5f81df42-1669-46b7-9fcf-3dfa3688b5c1,E10063,R2347,5,UberX,car,FALSE,2023-01-04 00:09:00,2023-01-04 00:51:00,52.07685,4.28509,899e2d4a2a9ce8b,52.08923,4.24341,891840c5508f2d6,2.77,42,1.01,5.13,1.28,3.85,0,card,2023-01-04
75ef6cbc-7819-424a-8722-8de2ecec5985,E10069,R2091,4,UberPool,car,FALSE,2023-01-31 18:45:00,2023-01-31 18:52:00,51.40871,5.44692,891248d192acf0b,51.41986,5.50347,89e4c6deb27a0ab,7.36,7,1.27,13.88,3.47,10.41,0,card,2023-01-31
337182ca-389f-49a4-9e1d-6f62628e1862,E10128,R2288,3,UberPool,car,FALSE,2023-01-11 19:55:00,2023-01-11 20:20:00,52.11101,5.13162,89a62c5b20d45d8,52.05917,5.07335,89ff215a5aefe58,6.54,25,1.33,12.75,3.19,9.56,0,wallet,2023-01-11
72055ad0-8b93-416f-abb3-d43e987e24d5,E10149,R2121,5,UberX,car,FALSE,2023-02-09 06:01:00,2023-02-09 06:20:00,52.09131,4.30586,895ccbf8b27ade1,52.08237,4.28904,89bdafd889b2e39,7.68,19,1.12,14.42,3.6,10.82,0,cash,2023-02-09
8a7dea6a-a8a1-4ec7-9699-28c6e71553d3,E10084,R2059,5,UberX,car,FALSE,2023-03-14 05:13:00,2023-03-14 05:32:00,52.04376,4.29662,892e9190268f940,52.08058,4.28418,89bcd9a6bb30bc4,4.66,19,1.03,8.01,2,6.01,0.67,cash,2023-03-14
cb8ac519-a440-4bce-904e-bf2e44ba40c4,E10039,R2567,1,UberX,car,TRUE,2023-03-06 15:43:00,2023-03-06 16:12:00,52.36575,4.92698,8919099b5b97b3b,52.34081,4.84765,89ee6aa903cc8e1,3.12,29,1.05,5.9,1.48,4.42,0,card,2023-03-06
5040e8cd-93f6-4910-82f6-9d158f288025,E10109,R2453,4,UberPool,car,TRUE,2023-04-24 15:42:00,2023-04-24 16:08:00,51.40715,5.44228,89521585c76d990,51.40798,5.45528,89aaea0b5d2f136,10.9,26,1.04,16.59,4.15,12.44,0,cash,2023-04-24
f1294d5e-fc84-4271-80f3-d35582d9cfaa,E10024,R2193,2,UberX,car,TRUE,2023-02-05 06:54:00,2023-02-05 07:26:00,51.91229,4.45541,89b82229521b009,51.89516,4.48937,89aa14b4339c10d,9.61,32,0.97,15.81,3.95,11.86,0,card,2023-02-05
b16f636b-5dca-4320-a3c9-17337bfea1ad,E10080,R2217,2,UberGreen,car,TRUE,2023-01-30 03:40:00,2023-01-30 04:07:00,51.91088,4.45399,8970de46f897fe1,51.88351,4.42679,890b3c130c6d702,5.4,27,1.01,10.09,2.52,7.57,0,card,2023-01-30
9331d22f-f869-4f57-98c5-6c14ed7a1117,E10114,R2530,4,UberX,car,FALSE,2023-01-27 01:34:00,2023-01-27 02:06:00,51.40624,5.45018,89221298b4b6feb,51.40626,5.45377,8917d2428ce210b,3.59,32,1.04,6.69,1.67,5.02,1.5,card,2023-01-27
0dc4c360-1119-41d2-b356-a186c5cc78ec,E10080,R2236,2,UberGreen,car,TRUE,2023-02-04 21:48:00,2023-02-04 22:27:00,51.89806,4.49378,89632a7c2a49347,51.91158,4.43811,896e3c014ce48bb,9.46,39,1.13,18.28,4.57,13.71,1.77,card,2023-02-04
3e5bcff7-e1c7-49b8-9b27-4885851f9836,E10011,R2302,5,UberX,car,FALSE,2023-02-25 04:50:00,2023-02-25 05:07:00,52.07749,4.28703,8959b08a8ee31bf,52.04205,4.29026,892adc17efd8cfb,5.27,17,1.13,9.99,2.5,7.49,0,card,2023-02-25
107e83e0-126a-4167-809e-3932bdd16640,E10042,R2149,2,UberX,car,FALSE,2023-01-27 19:16:00,2023-01-27 19:46:00,51.88688,4.43479,895ae128c2eccf1,51.91212,4.45483,894f423e50436da,2.61,30,1.43,7.03,1.76,5.27,1.21,wallet,2023-01-27
2403acc3-8867-4656-8aad-cd4724450f5c,E10092,R2080,1,UberX,car,FALSE,2023-03-27 22:59:00,2023-03-27 23:30:00,52.35944,4.90692,8984621fbf4a40f,52.34415,4.84249,89c18408d1d3b40,4.95,31,1.18,10.24,2.56,7.68,0,cash,2023-03-27
9b3c6c47-c2e9-44d8-883a-de0f7a93b0fd,E10007,R2309,5,UberPool,car,TRUE,2023-04-03 08:10:00,2023-04-03 08:34:00,52.04238,4.28882,89b231f4d0144bb,52.05316,4.32016,89e6d37c67c39a8,5.18,24,1.38,10.59,2.65,7.94,0,cash,2023-04-03
ac897213-f153-4954-958f-58b2568b52b2,E10128,R2318,3,UberX,car,FALSE,2023-03-27 10:00:00,2023-03-27 10:20:00,52.05691,5.07458,89aa2b3cf064de2,52.08457,5.16307,89cedb017bb07d3,2.3,20,1.15,5.33,1.33,4,0,card,2023-03-27
8e6abe98-9da1-49a1-901c-c551879b64cf,E10081,R2561,3,UberGreen,car,TRUE,2023-03-11 18:56:00,2023-03-11 19:07:00,52.05228,5.12234,89fcf6b14846be7,52.06024,5.07515,8912e47a5f2c269,3.55,11,1.36,9.35,2.34,7.01,0,wallet,2023-03-11
917e3063-b20e-4fda-a012-fba6d32451f2,E10156,R2072,5,UberX,car,FALSE,2023-01-28 08:34:00,2023-01-28 09:11:00,52.09033,4.25246,892519b7b5cea22,52.03482,4.33441,896101838a0bbd7,6.81,37,1.38,16.02,4,12.02,0,cash,2023-01-28
79de13cb-434d-4487-bf9e-133d9a5b65af,E10043,R2152,5,UberPool,car,FALSE,2023-03-24 13:54:00,2023-03-24 14:09:00,52.04238,4.28876,89b231f4d0144bb,52.04323,4.28925,898a7c384fe9e8e,6.73,15,1.14,11.52,2.88,8.64,0,wallet,2023-03-24
93d38cdd-f03f-4cfe-a95d-01a6612a64f9,E10134,R2342,3,UberX,car,TRUE,2023-04-28 23:12:00,2023-04-28 23:49:00,52.08507,5.16561,89566a61906a469,52.09555,5.17101,894929979860341,7.64,37,1.22,15.62,3.9,11.72,0,card,2023-04-28
323b1b51-5a4b-49de-a241-b9345c6ca89e,E10147,R2394,2,UberX,car,TRUE,2023-02-07 14:02:00,2023-02-07 14:20:00,51.89766,4.49056,8982d4f21275d4d,51.91062,4.45971,899adc49ff60cf0,9.7,18,1.04,16.58,4.14,12.44,0,card,2023-02-07
cd279cd1-1873-4805-9cdb-4db525bac2a2,E10078,R2505,5,UberPool,car,TRUE,2023-04-12 10:38:00,2023-04-12 11:20:00,52.04165,4.29788,899314f5b3fe3fa,52.03315,4.33111,89edb9e40a9c8f6,3.83,42,0.97,5.58,1.4,4.18,0,wallet,2023-04-12
45f27928-863d-4bf2-a9de-8e75fd9e6021,E10137,R2496,1,UberPool,car,FALSE,2023-01-07 02:15:00,2023-01-07 02:54:00,52.36279,4.92854,89cd001637b541d,52.36024,4.90668,89771545f2b3e45,6.47,39,1.06,10.1,2.52,7.58,0,card,2023-01-07
6cd919e6-9ef2-4aba-aa1a-de9a68584d98,E10048,R2456,5,UberPool,car,TRUE,2023-01-06 01:09:00,2023-01-06 01:16:00,52.03118,4.33515,892de0bd652e7fc,52.02929,4.33158,89487a998b9f60c,3.61,7,1.11,6.32,1.58,4.74,0,card,2023-01-06
122b0165-5b8b-414a-a9a4-08fb8d33f2d2,E10077,R2269,2,UberPool,car,FALSE,2023-02-07 02:33:00,2023-02-07 02:50:00,51.91038,4.45136,89ad3e2ab0be2d2,51.88583,4.42832,894d2bf664cca54,7.16,17,1.13,12.09,3.02,9.07,0,card,2023-02-07
30477bef-4191-43e4-bec1-d29c7fe8932e,E10044,R2056,1,UberGreen,car,TRUE,2023-02-01 10:04:00,2023-02-01 10:32:00,52.34112,4.84987,897bc2727971c36,52.32969,4.9036,89ff0bb873381ca,11.59,28,1.04,20.96,5.24,15.72,0,card,2023-02-01
13c9dcd0-e4ce-4920-9735-bce1e3cc614d,E10103,R2480,5,UberPool,car,FALSE,2023-01-09 02:56:00,2023-01-09 03:30:00,52.04143,4.29447,890a0b1c42a13b4,52.05659,4.32719,892312d4076d694,7.22,34,0.98,10.94,2.74,8.2,0.84,card,2023-01-09
bcbbcc20-52b3-4324-92c6-639f1327c18a,E10033,R2019,2,UberX,car,TRUE,2023-03-25 10:40:00,2023-03-25 10:52:00,51.90736,4.43669,89e7d40c3de273f,51.94425,4.51813,890862a11f3a348,4.1,12,1.01,7.65,1.91,5.74,0,cash,2023-03-25
23ec5a81-eea0-4931-82a5-f351d8236187,E10021,R2448,2,UberPool,car,FALSE,2023-03-18 01:38:00,2023-03-18 02:07:00,51.89898,4.48948,89d64eb5bc05849,51.91141,4.43192,8959663aa3e4964,6.55,29,0.99,9.54,2.38,7.16,0,card,2023-03-18
704090e4-0378-4d13-9251-512ace768d81,E10153,R2566,3,UberX,car,FALSE,2023-03-21 04:32:00,2023-03-21 04:42:00,52.10699,5.1365,89da94f6722889b,52.10538,5.131,8977f41e5cf4a6b,5.68,10,0.98,9.49,2.37,7.12,0,cash,2023-03-21
ed4b1f3a-84a1-455f-b9aa-03c245a94559,E10155,R2062,3,UberPool,car,FALSE,2023-02-20 12:37:00,2023-02-20 13:04:00,52.10802,5.13236,89e855d213d0cbe,52.09428,5.17329,89f84875dd0dc27,3.94,27,1.13,6.82,1.7,5.12,0.2,cash,2023-02-20
abe29268-e726-46de-8a46-90c6b72e3b13,E10098,R2466,4,UberX,car,FALSE,2023-03-18 02:40:00,2023-03-18 03:22:00,51.40607,5.4544,89a7a072fd2e613,51.4095,5.4517,89a51c2c8752d03,1.2,42,1.13,2.96,0.74,2.22,0,cash,2023-03-18
db24cbd5-6dd2-4da7-94fa-85bea39b564f,E10149,R2558,5,UberPool,car,FALSE,2023-01-30 06:59:00,2023-01-30 07:19:00,52.09233,4.30424,898ccf794885cdd,52.03361,4.335,8957d1c7a9a253d,11.49,20,1.12,17.94,4.49,13.45,0,card,2023-01-30
4543cb74-e7c0-426e-9154-1505e0e59153,E10074,R2502,1,UberX,car,FALSE,2023-02-01 04:25:00,2023-02-01 04:36:00,52.33932,4.84363,89c564c7a7402c6,52.32611,4.90442,89d3b0fce52f58e,2.92,11,0.96,5.62,1.4,4.22,0,cash,2023-02-01
597f94d2-94a3-4721-b148-a23b43c5239e,E10030,R2574,3,UberX,car,TRUE,2023-04-07 05:45:00,2023-04-07 06:07:00,52.10578,5.13269,8987643537e5b89,52.05719,5.12395,89dc81a6a10fa1d,12.22,22,1.03,20.59,5.15,15.44,0,cash,2023-04-07
f5860df3-818b-456c-a2b9-8d46eac849f6,E10151,R2291,1,UberPool,car,FALSE,2023-01-05 14:55:00,2023-01-05 15:05:00,52.36411,4.93336,89058e469e144f9,52.40529,4.94421,89e8ea9b38de4e0,9.22,10,1.04,14.27,3.57,10.7,0,card,2023-01-05
e3f3ecfd-7b62-4abe-a4fc-c4cd2610797e,E10115,R2106,3,UberX,car,FALSE,2023-04-08 01:22:00,2023-04-08 02:03:00,52.09717,5.17508,8983bfc4736b578,52.1102,5.13662,89877ae682cbfe4,3.26,41,0.99,6.1,1.52,4.58,0,cash,2023-04-08
964ced50-9767-41d3-80c0-8830f25383b4,E10035,R2122,2,UberX,car,FALSE,2023-02-10 19:58:00,2023-02-10 20:38:00,51.94447,4.51227,891d400aedfbd9c,51.94721,4.5134,895fbb0c10083e5,2.72,40,1.43,6.54,1.64,4.9,0.76,card,2023-02-10
9ddfdfd0-384a-4bf0-adc6-f70ffc641b61,E10030,R2494,4,UberX,car,TRUE,2023-03-27 20:21:00,2023-03-27 20:54:00,51.41908,5.51025,89c99a4ef505052,51.41817,5.509,892319743ad2d0c,7.01,33,1.05,12.79,3.2,9.59,0,wallet,2023-03-27
2e69e586-a44c-4507-b024-41e51827b208,E10158,R2007,2,UberX,car,TRUE,2023-01-29 16:14:00,2023-01-29 16:49:00,51.88812,4.43257,8933974da58fb6d,51.9575,4.51721,8950cab3fd70c05,4.04,35,1.3,9.46,2.37,7.09,0,cash,2023-01-29
7476b417-fee3-4734-893e-3b1e39a15823,E10074,R2375,1,UberPool,car,FALSE,2023-04-25 00:34:00,2023-04-25 01:09:00,52.32629,4.89768,892c5a52e30b63f,52.38745,4.86186,891761e4cb05a85,1.54,35,0.97,3.43,0.86,2.57,0,card,2023-04-25
1e235341-64e0-41ba-8ae1-99597b223b6b,E10070,R2375,4,UberX,car,FALSE,2023-04-26 00:41:00,2023-04-26 00:51:00,51.42338,5.50468,8969da1c166b135,51.47817,5.44642,892a53a9d26db9b,7.07,10,1,12.12,3.03,9.09,0,card,2023-04-26
4ada1d85-712f-4c11-8174-9fd6e8b952fa,E10033,R2561,2,UberGreen,car,TRUE,2023-03-05 14:07:00,2023-03-05 14:22:00,51.89855,4.49021,89fdb624cf6c4ab,51.91197,4.45948,89829cff8b8b979,10.43,15,1.04,18.45,4.61,13.84,0,wallet,2023-03-05
abba1c9b-4a40-4430-a1c7-481f6dd40c6d,E10032,R2417,1,UberX,car,FALSE,2023-01-16 21:11:00,2023-01-16 21:51:00,52.3887,4.86104,8929299edf7ff43,52.40316,4.94574,89b9883e5abc2d0,9.01,40,1.27,19.12,4.78,14.34,0,wallet,2023-01-16
db6e8dab-8c64-4f75-a93b-9099d88b8b95,E10093,R2268,1,UberX,car,FALSE,2023-01-19 21:12:00,2023-01-19 21:54:00,52.38877,4.85234,891475f865560df,52.36516,4.93464,89c1e6c8fb8d0f5,5.52,42,1.27,12.29,3.07,9.22,0,cash,2023-01-19
1d4971be-59c8-495f-8708-ef761c260a74,E10150,R2165,2,UberX,car,FALSE,2023-04-14 19:54:00,2023-04-14 20:06:00,51.95759,4.51821,897896c8febd2f2,51.90931,4.45645,89ad60b0a4770fc,7.15,12,1.43,17.08,4.27,12.81,0,card,2023-04-14